title,image_url,parent_category,link
乾パン消費にいかが？おいしいキッシュ！,"https://recipe.r10s.jp/recipe-space/d/strg/ctrl/3/ef46c7dcbb8fedf207ac04ae178de1f2623abd26.57.9.3.3.jpg?interpolation=lanczos-none&fit=around|320:320&crop=320:320;*,*",乾パン,https://recipe.rakuten.co.jp/recipe/1520024395/
乾パン活用☆鴨ハムピザ,"https://recipe.r10s.jp/recipe-space/d/strg/ctrl/3/39d84439a8237b502cd395570792895a89a4467b.83.9.3.3.jpg?interpolation=lanczos-none&fit=around|320:320&crop=320:320;*,*",乾パン,https://recipe.rakuten.co.jp/recipe/1540028155/
乾パンプディング,"https://recipe.r10s.jp/recipe-space/d/strg/ctrl/3/057285a0a2512f399bb10e00b8c815846bf295d8.98.2.3.2.jpg?interpolation=lanczos-none&fit=around|320:320&crop=320:320;*,*",乾パン,https://recipe.rakuten.co.jp/recipe/1200007412/
即席　☆　乾パングラタン,"https://recipe.r10s.jp/recipe-space/d/strg/ctrl/3/8740d4a10fab329afca5c615d9675dca65b3aa31.30.2.3.2.jpg?interpolation=lanczos-none&fit=around|320:320&crop=320:320;*,*",乾パン,https://recipe.rakuten.co.jp/recipe/1600025922/
乾パンでビスコッティ,"https://recipe.r10s.jp/recipe-space/d/strg/ctrl/3/c121b220a2a386e9790d5eb118544f820e883dcf.74.2.3.2.jpg?interpolation=lanczos-none&fit=around|320:320&crop=320:320;*,*",乾パン,https://recipe.rakuten.co.jp/recipe/1900014095/
乾パンジャムトーストときな粉カフェオレの朝食セット,"https://recipe.r10s.jp/recipe-space/d/strg/ctrl/3/082215aacac55ba75a82743bcaf9006fc92bce19.65.9.3.3.jpg?interpolation=lanczos-none&fit=around|320:320&crop=320:320;*,*",乾パン,https://recipe.rakuten.co.jp/recipe/1260021396/
乾パンと牛乳で　ジャンボティラミス風,"https://recipe.r10s.jp/recipe-space/d/strg/ctrl/3/45260c9b29f7a5fefe185c0042a2d659912cc869.07.9.3.3.jpg?interpolation=lanczos-none&fit=around|320:320&crop=320:320;*,*",乾パン,https://recipe.rakuten.co.jp/recipe/1140056008/
簡単！デコチョコカンパン,"https://recipe.r10s.jp/recipe-space/d/strg/ctrl/3/0e2a97cb8d681f1064d1087a170697f21ac509c4.70.2.3.2.jpg?interpolation=lanczos-none&fit=around|320:320&crop=320:320;*,*",乾パン,https://recipe.rakuten.co.jp/recipe/1590000477/
乾パンのキャセロール,"https://recipe.r10s.jp/recipe-space/d/strg/ctrl/3/dfd2a161fd0783b21cdeb5aae867cc12ce2a4f59.82.2.3.2.jpg?interpolation=lanczos-none&fit=around|320:320&crop=320:320;*,*",乾パン,https://recipe.rakuten.co.jp/recipe/1520011538/
乾パンのオーロラソース焼き（基本＆アレンジ2種）,"https://recipe.r10s.jp/recipe-space/d/strg/ctrl/3/331dfa35a619f0e1ed8474c9c4a3673c1eb8ebf6.65.9.3.3.jpg?interpolation=lanczos-none&fit=around|320:320&crop=320:320;*,*",乾パン,https://recipe.rakuten.co.jp/recipe/1260021395/
乾パン活用！ヌガー風,"https://recipe.r10s.jp/recipe-space/d/strg/ctrl/3/675dd9f5b5cf98d7712f0acce2cb514dd8d6380d.07.2.3.2.jpg?interpolation=lanczos-none&fit=around|320:320&crop=320:320;*,*",乾パン,https://recipe.rakuten.co.jp/recipe/1140037073/
苺ジャムとレーズンと練乳とグラニュー糖の焼き乾パン,"https://recipe.r10s.jp/recipe-space/d/strg/ctrl/3/1b1bddcbd34360d012ae51eac78b6e8b4015e0f6.65.9.3.3.jpg?interpolation=lanczos-none&fit=around|320:320&crop=320:320;*,*",乾パン,https://recipe.rakuten.co.jp/recipe/1260022179/
乾パンのマヨネーズ焼き,"https://recipe.r10s.jp/recipe-space/d/strg/ctrl/3/9a2683ebf02338bdaacdf5447d58ccea96262c0c.65.9.3.3.jpg?interpolation=lanczos-none&fit=around|320:320&crop=320:320;*,*",乾パン,https://recipe.rakuten.co.jp/recipe/1260021470/
ちょっと油揚げっぽい（？）乾パンのお味噌汁,"https://recipe.r10s.jp/recipe-space/d/strg/ctrl/3/7afb442b56865133982dcf52ac83d07ffadda32a.65.9.3.3.jpg?interpolation=lanczos-none&fit=around|320:320&crop=320:320;*,*",乾パン,https://recipe.rakuten.co.jp/recipe/1260021458/
海苔とコーンの味噌マヨ焼き乾パン,"https://recipe.r10s.jp/recipe-space/d/strg/ctrl/3/b2f6c06e95b6384eecb23f4aa4ee4292002ba2af.65.9.3.3.jpg?interpolation=lanczos-none&fit=around|320:320&crop=320:320;*,*",乾パン,https://recipe.rakuten.co.jp/recipe/1260022229/
エスニックなきゅうりとマヨネーズの焼き乾パン,"https://recipe.r10s.jp/recipe-space/d/strg/ctrl/3/b9eddf46710f84c8a74c19b34873a9382814a6b7.65.9.3.3.jpg?interpolation=lanczos-none&fit=around|320:320&crop=320:320;*,*",乾パン,https://recipe.rakuten.co.jp/recipe/1260022190/
簡単おやつ!!乾パンがアルフォート風に,"https://recipe.r10s.jp/recipe-space/d/strg/ctrl/3/f241154c19cbee7d3f3f43ee08f021aae79a35d8.85.2.3.2.jpg?interpolation=lanczos-none&fit=around|320:320&crop=320:320;*,*",乾パン,https://recipe.rakuten.co.jp/recipe/1750001373/
非常災害時に備えて・保存用パン（乾パン風）,"https://recipe.r10s.jp/recipe-space/d/strg/ctrl/3/d0732a60a1fe9b30f07f2a8d42f0f8834814cb02.40.2.3.2.jpg?interpolation=lanczos-none&fit=around|320:320&crop=320:320;*,*",乾パン,https://recipe.rakuten.co.jp/recipe/1720008483/
非常用乾パンのアレンジレシピ,"https://recipe.r10s.jp/recipe-space/d/strg/ctrl/3/370b476c5768e16a2cc63d68aa1589154255ee45.11.9.3.3.jpg?interpolation=lanczos-none&fit=around|320:320&crop=320:320;*,*",乾パン,https://recipe.rakuten.co.jp/recipe/1360026904/
乾パンでアイスクリームを一層美味しく,"https://recipe.r10s.jp/recipe-space/d/strg/ctrl/3/9049ff9d0543edeb8266867051697663548c77e3.87.2.3.2.jpg?interpolation=lanczos-none&fit=around|320:320&crop=320:320;*,*",乾パン,https://recipe.rakuten.co.jp/recipe/1680001591/
乾パンとバナナのトースター焼き・2種,"https://recipe.r10s.jp/recipe-space/d/strg/ctrl/3/55d599fdeaa97f2e8935ac303306587503f662b8.65.9.3.3.jpg?interpolation=lanczos-none&fit=around|320:320&crop=320:320;*,*",乾パン,https://recipe.rakuten.co.jp/recipe/1260021481/
ラスク風乾パンと紅茶のティータイムセット,"https://recipe.r10s.jp/recipe-space/d/strg/ctrl/3/c248fcb0fab6a60e76d99d16caa8cd5ea1ddcf0c.65.9.3.3.jpg?interpolation=lanczos-none&fit=around|320:320&crop=320:320;*,*",乾パン,https://recipe.rakuten.co.jp/recipe/1260021401/
乾パンタイプの、ごまと赤しそのビスケット,"https://recipe.r10s.jp/recipe-space/d/strg/ctrl/3/c126574958b61544b10bec9833eeae9aa5bf1c19.88.2.3.2.jpg?interpolation=lanczos-none&fit=around|320:320&crop=320:320;*,*",乾パン,https://recipe.rakuten.co.jp/recipe/1680004630/
防災用乾パンで！キッシュ風♪,"https://recipe.r10s.jp/recipe-space/d/strg/ctrl/3/4bf95b60ba3876341cdfc0da91b2210afd88ff98.07.9.3.3.jpg?interpolation=lanczos-none&fit=around|320:320&crop=320:320;*,*",乾パン,https://recipe.rakuten.co.jp/recipe/1390045573/
大人の贅沢、ラムレーズンティラミス,"https://recipe.r10s.jp/recipe-space/d/strg/ctrl/3/38f880a20fce254571050a7a7d2572e64e97394c.68.2.3.2.jpg?interpolation=lanczos-none&fit=around|320:320&crop=320:320;*,*",乾パン,https://recipe.rakuten.co.jp/recipe/1990002085/
乾パンdeシナモンラスク風♪,"https://recipe.r10s.jp/recipe-space/d/strg/ctrl/3/40c670ad4897ce22f601ab258f9fc34d59011e7f.96.2.3.2.jpg?interpolation=lanczos-none&fit=around|320:320&crop=320:320;*,*",乾パン,https://recipe.rakuten.co.jp/recipe/1820027677/
期限間近の消費に☆乾パンでトマトチーズグラタン,"https://recipe.r10s.jp/recipe-space/d/strg/ctrl/3/e1445c02f9890cb933743ee23725e7ac0a6b6ac2.04.9.3.3.jpg?interpolation=lanczos-none&fit=around|320:320&crop=320:320;*,*",乾パン,https://recipe.rakuten.co.jp/recipe/1030019220/
ヨーロッパ人先輩方直伝♪簡単ティラミス,"https://recipe.r10s.jp/recipe-space/d/strg/ctrl/3/3a5270fe20e3cd52e0f80ec17b397b421f871a7f.60.2.3.2.jpg?interpolation=lanczos-none&fit=around|320:320&crop=320:320;*,*",乾パン,https://recipe.rakuten.co.jp/recipe/1210004724/
乾パンをパン粉代わりに,"https://recipe.r10s.jp/recipe-space/d/strg/ctrl/3/059f6cbee8581a84cbc8d61c2d089d1907458490.62.2.3.2.jpg?interpolation=lanczos-none&fit=around|320:320&crop=320:320;*,*",乾パン,https://recipe.rakuten.co.jp/recipe/1990032410/
色々カナッペ＆逆カナッペ♪乾パンetc手巻き寿司風,"https://recipe.r10s.jp/recipe-space/d/strg/ctrl/3/488b707bd8a53b1e76baa5338103532eda44237d.60.2.3.2.jpg?interpolation=lanczos-none&fit=around|320:320&crop=320:320;*,*",乾パン,https://recipe.rakuten.co.jp/recipe/1210004697/
乾パンではちみつミルク粥,"https://recipe.r10s.jp/recipe-space/d/strg/ctrl/3/e0c77f807ddb64fed2ff78ab19363b0f4bd0a832.35.2.3.2.jpg?interpolation=lanczos-none&fit=around|320:320&crop=320:320;*,*",乾パン,https://recipe.rakuten.co.jp/recipe/1500027178/
乾パンでお手軽＆簡単デコ！さくさくチョコ菓子,"https://recipe.r10s.jp/recipe-space/d/strg/ctrl/3/6e8dbba711714f52630d214232da32aa294e2733.24.2.3.2.jpg?interpolation=lanczos-none&fit=around|320:320&crop=320:320;*,*",乾パン,https://recipe.rakuten.co.jp/recipe/1620024238/
桃と乾パンのナッツのきな粉ヨーグルト,"https://recipe.r10s.jp/recipe-space/d/strg/ctrl/3/1778db659e051166bd6abfd7aa841dcc2cce6ec5.80.9.3.3.jpg?interpolation=lanczos-none&fit=around|320:320&crop=320:320;*,*",乾パン,https://recipe.rakuten.co.jp/recipe/1360027644/
乾パンで作る、簡単チョコクランチ,"https://recipe.r10s.jp/recipe-space/d/strg/ctrl/3/1ce7cc0be670012d123f31646a32b29631c3f627.96.9.3.3.jpg?interpolation=lanczos-none&fit=around|320:320&crop=320:320;*,*",乾パン,https://recipe.rakuten.co.jp/recipe/1850023408/
カリコリ固～い！(^^;)粉末ココアの乾パン♪,"https://recipe.r10s.jp/recipe-space/d/strg/ctrl/3/86edceaab43321a2d8dee37ab5ba8a41637a0786.16.2.3.2.jpg?interpolation=lanczos-none&fit=around|320:320&crop=320:320;*,*",乾パン,https://recipe.rakuten.co.jp/recipe/1100025766/
イタリア風乾パン♪タラーリ,"https://recipe.r10s.jp/recipe-space/d/strg/ctrl/3/dec571c52c179b9c769fba3b47ca229519c77f69.05.2.3.2.jpg?interpolation=lanczos-none&fit=around|320:320&crop=320:320;*,*",乾パン,https://recipe.rakuten.co.jp/recipe/1280001258/
乾パンでマヨネーズで片口鰯のフライ,"https://recipe.r10s.jp/recipe-space/d/strg/ctrl/3/6315db69a49fcab762b2bb2f5ddfb7fabbb70882.62.2.3.2.jpg?interpolation=lanczos-none&fit=around|320:320&crop=320:320;*,*",乾パン,https://recipe.rakuten.co.jp/recipe/1990032409/
【乾パン消費】簡単美味しい♪乾パンのクランチチョコ,"https://recipe.r10s.jp/recipe-space/d/strg/ctrl/3/7238e46c838574f7c02df793d5bbb2a9cb7e2c83.55.9.3.3.jpg?interpolation=lanczos-none&fit=around|320:320&crop=320:320;*,*",乾パン,https://recipe.rakuten.co.jp/recipe/1090055013/
期限間近の乾パン救済！ビスコッティ,"https://recipe.r10s.jp/recipe-space/d/strg/ctrl/3/a1cb1a090fc75417534705483e6b90eddec584a1.91.9.3.3.jpg?interpolation=lanczos-none&fit=around|320:320&crop=320:320;*,*",乾パン,https://recipe.rakuten.co.jp/recipe/1840044363/
乾パン活用☆目玉焼タルト,"https://recipe.r10s.jp/recipe-space/d/strg/ctrl/3/6b27b646d2e5462ba7808d9b5e431a9a2e3b190b.83.9.3.3.jpg?interpolation=lanczos-none&fit=around|320:320&crop=320:320;*,*",乾パン,https://recipe.rakuten.co.jp/recipe/1540028188/
ミルクバター&ジャムのスィーツ乾パン,"https://recipe.r10s.jp/recipe-space/d/strg/ctrl/3/93d8712543440efb3853cb4b5c7301f7e48703ce.36.9.3.3.jpg?interpolation=lanczos-none&fit=around|320:320&crop=320:320;*,*",乾パン,https://recipe.rakuten.co.jp/recipe/1900021708/
乾パンでクッキー＆クリーム,"https://recipe.r10s.jp/recipe-space/d/strg/ctrl/3/0fb00fe49e8b83e2ef17219a37fc47eac795b685.28.2.3.2.jpg?interpolation=lanczos-none&fit=around|320:320&crop=320:320;*,*",乾パン,https://recipe.rakuten.co.jp/recipe/1540021275/
カロリー控えめ(^o^)アップルカスタードタルト,"https://recipe.r10s.jp/recipe-space/d/strg/ctrl/3/337240be88973686f99ebf562deace3d7491f96b.70.2.3.2.jpg?interpolation=lanczos-none&fit=around|320:320&crop=320:320;*,*",乾パン,https://recipe.rakuten.co.jp/recipe/1590000925/
乾パンでカリカリ食感　フルーツグラノーラ,"https://recipe.r10s.jp/recipe-space/d/strg/ctrl/3/cae2217d028f9b9850c994f002b2bff6455f4425.70.2.3.2.jpg?interpolation=lanczos-none&fit=around|320:320&crop=320:320;*,*",乾パン,https://recipe.rakuten.co.jp/recipe/1590002282/
ベイクドヨーグルトケーキ,"https://recipe.r10s.jp/recipe-space/d/strg/ctrl/3/0c0a9dcf1af11a8ad528aa84ec334f065eac71d5.40.2.3.2.jpg?interpolation=lanczos-none&fit=around|320:320&crop=320:320;*,*",乾パン,https://recipe.rakuten.co.jp/recipe/1100002544/
マシュマロでチョコナッツバー,"https://recipe.r10s.jp/recipe-space/d/strg/ctrl/3/3ab4bd69ed5d5ae126c2c5b31bf869280bb7bba9.70.1.3.2.jpg?interpolation=lanczos-none&fit=around|320:320&crop=320:320;*,*",乾パン,https://recipe.rakuten.co.jp/recipe/1590000319/
簡単！チョコレートパフェ,"https://recipe.r10s.jp/recipe-space/d/strg/ctrl/3/c7326975e6f0e55283444fe5f007a2c16e181520.70.2.3.2.jpg?interpolation=lanczos-none&fit=around|320:320&crop=320:320;*,*",乾パン,https://recipe.rakuten.co.jp/recipe/1590000524/
乾パンのシチュー焼き,"https://recipe.r10s.jp/recipe-space/d/strg/ctrl/3/89dbd6cafc70b0243094caa09f9bbe944090c1e9.67.2.3.2.jpg?interpolation=lanczos-none&fit=around|320:320&crop=320:320;*,*",乾パン,https://recipe.rakuten.co.jp/recipe/1000007434/
乾パン活用☆いちごのケーキ,"https://recipe.r10s.jp/recipe-space/d/strg/ctrl/3/6f6d5353f919a4dc1d745159fd4e53096709a109.83.9.3.3.jpg?interpolation=lanczos-none&fit=around|320:320&crop=320:320;*,*",乾パン,https://recipe.rakuten.co.jp/recipe/1540028192/
乾パン活用☆エビとハムのピザ,"https://recipe.r10s.jp/recipe-space/d/strg/ctrl/3/80d988fc634c0e02ee1cd2ea8337643acb91c3a3.83.9.3.3.jpg?interpolation=lanczos-none&fit=around|320:320&crop=320:320;*,*",乾パン,https://recipe.rakuten.co.jp/recipe/1540028137/
レトルトカレーでカレードリア♪,"https://recipe.r10s.jp/recipe-space/d/strg/ctrl/3/9c639364d6500e92e2bdf23eb03d767ea82d340c.10.2.3.2.jpg?interpolation=lanczos-none&fit=around|320:320&crop=320:320;*,*",レトルトカレー,https://recipe.rakuten.co.jp/recipe/1110006331/
簡単！レトルトカレーでキーマカレー風うどん,"https://recipe.r10s.jp/recipe-space/d/strg/ctrl/3/f629f5fe9b8827d82e46bb20b28264dea872316c.81.2.3.2.jpg?interpolation=lanczos-none&fit=around|320:320&crop=320:320;*,*",レトルトカレー,https://recipe.rakuten.co.jp/recipe/1380009988/
レトルトカレーを使った☆お手軽カレーうどん,"https://recipe.r10s.jp/recipe-space/d/strg/ctrl/3/55f2c742c08d90226946fb615247a0c3fefc24aa.10.2.3.2.jpg?interpolation=lanczos-none&fit=around|320:320&crop=320:320;*,*",レトルトカレー,https://recipe.rakuten.co.jp/recipe/1700009628/
ゴロゴロじゃが芋レトルトカレー,"https://recipe.r10s.jp/recipe-space/d/strg/ctrl/3/74369d8c46d5cc9a8bd6300c2ddcdc4b194892bc.39.2.3.2.jpg?interpolation=lanczos-none&fit=around|320:320&crop=320:320;*,*",レトルトカレー,https://recipe.rakuten.co.jp/recipe/1010025484/
レトルトカレーで時短サモサ,"https://recipe.r10s.jp/recipe-space/d/strg/ctrl/3/f29b917e1e0a70cba8729eca060a4fb68e40da55.95.2.3.2.jpg?interpolation=lanczos-none&fit=around|320:320&crop=320:320;*,*",レトルトカレー,https://recipe.rakuten.co.jp/recipe/1420001961/
レトルトカレーで！カレーうどん♪,"https://recipe.r10s.jp/recipe-space/d/strg/ctrl/3/e82fb378a35827cf3f3e49cdcf84503b729befec.30.2.3.2.jpg?interpolation=lanczos-none&fit=around|320:320&crop=320:320;*,*",レトルトカレー,https://recipe.rakuten.co.jp/recipe/1230013489/
【レトルトカレー】ちょっとの工夫で本格チキンカレー,"https://recipe.r10s.jp/recipe-space/d/strg/ctrl/3/c8a7573ca3b678f4ff5e4fc79b5e03d28d472b31.01.2.3.2.jpg?interpolation=lanczos-none&fit=around|320:320&crop=320:320;*,*",レトルトカレー,https://recipe.rakuten.co.jp/recipe/1290015309/
レトルトカレーうどん,"https://recipe.r10s.jp/recipe-space/d/strg/ctrl/3/ca465d4f4c04e637b4568c8a0520bda906e6c04c.74.2.3.2.jpg?interpolation=lanczos-none&fit=around|320:320&crop=320:320;*,*",レトルトカレー,https://recipe.rakuten.co.jp/recipe/1510002424/
レトルトカレーで♡オートミールと豆腐のグラタン,"https://recipe.r10s.jp/recipe-space/d/strg/ctrl/3/ae26ce3f73647a770e1aa57118fda6c888308724.11.2.3.2.jpg?interpolation=lanczos-none&fit=around|320:320&crop=320:320;*,*",レトルトカレー,https://recipe.rakuten.co.jp/recipe/1160011472/
レトルトカレーアレンジ！エビとピーマンをトッピング,"https://recipe.r10s.jp/recipe-space/d/strg/ctrl/3/a5a5580b1fe98527e9b6c5ef1ad3dda8b1c8d139.93.2.3.2.jpg?interpolation=lanczos-none&fit=around|320:320&crop=320:320;*,*",レトルトカレー,https://recipe.rakuten.co.jp/recipe/1510011607/
レトルトカレーを使用してほうれん草ぷり海老カレー☆,"https://recipe.r10s.jp/recipe-space/d/strg/ctrl/3/ca013107adc5e9f0bb27d98b2381d7f0919612cc.62.9.3.3.jpg?interpolation=lanczos-none&fit=around|320:320&crop=320:320;*,*",レトルトカレー,https://recipe.rakuten.co.jp/recipe/1760037688/
レトルトカレーで！野菜炒め,"https://recipe.r10s.jp/recipe-space/d/strg/ctrl/3/e5f603ce365982fd5afb97836a18aa37a7e59c88.77.2.3.2.jpg?interpolation=lanczos-none&fit=around|320:320&crop=320:320;*,*",レトルトカレー,https://recipe.rakuten.co.jp/recipe/1020005986/
オートミールカレー♩白ごはんを置き換えて☆,"https://recipe.r10s.jp/recipe-space/d/strg/ctrl/3/3f6d05f56f33b238876e958575605898117ed5b4.23.9.3.3.jpg?interpolation=lanczos-none&fit=around|320:320&crop=320:320;*,*",レトルトカレー,https://recipe.rakuten.co.jp/recipe/1970021766/
レトルトカレーde焼きカレーパスタ^_^,"https://recipe.r10s.jp/recipe-space/d/strg/ctrl/3/58ecbcadc5ec54e394c3c6421c80b63821e78399.44.2.3.2.jpg?interpolation=lanczos-none&fit=around|320:320&crop=320:320;*,*",レトルトカレー,https://recipe.rakuten.co.jp/recipe/1650011914/
レトルトカレーで簡単カレーそば,"https://recipe.r10s.jp/recipe-space/d/strg/ctrl/3/a99ee167c563d431cca55106146c8e7ab67342b3.93.2.3.2.jpg?interpolation=lanczos-none&fit=around|320:320&crop=320:320;*,*",レトルトカレー,https://recipe.rakuten.co.jp/recipe/1010022293/
レトルトカレー●豚肉サイコロステーキ追加,"https://recipe.r10s.jp/recipe-space/d/strg/ctrl/3/c607808b0c9209515eebaf5f6237c08239c5adfc.66.9.3.3.jpg?interpolation=lanczos-none&fit=around|320:320&crop=320:320;*,*",レトルトカレー,https://recipe.rakuten.co.jp/recipe/1210019226/
レトルトカレー●豚肉のケチャップ炒めでハヤシ風,"https://recipe.r10s.jp/recipe-space/d/strg/ctrl/3/8058f94f4a2db760c5590fe59562182b96f230c2.66.9.3.3.jpg?interpolation=lanczos-none&fit=around|320:320&crop=320:320;*,*",レトルトカレー,https://recipe.rakuten.co.jp/recipe/1210018915/
レトルトカレーになすのトッピング,"https://recipe.r10s.jp/recipe-space/d/strg/ctrl/3/8408d8800de1e5f88dd3025903c1ec4d8f033a82.10.9.3.3.jpg?interpolation=lanczos-none&fit=around|320:320&crop=320:320;*,*",レトルトカレー,https://recipe.rakuten.co.jp/recipe/1830023279/
レトルトカレーアレンジ♪素揚げ野菜トッピング☆,"https://recipe.r10s.jp/recipe-space/d/strg/ctrl/3/27f682bec8b6e7a041fda7081147429e5c357624.70.9.3.3.jpg?interpolation=lanczos-none&fit=around|320:320&crop=320:320;*,*",レトルトカレー,https://recipe.rakuten.co.jp/recipe/1170023658/
レトルトカレーから野菜いっぱいカレーに変身,"https://recipe.r10s.jp/recipe-space/d/strg/ctrl/3/afd047f93c9258fc6252827447ccec3002b24eda.42.2.3.2.jpg?interpolation=lanczos-none&fit=around|320:320&crop=320:320;*,*",レトルトカレー,https://recipe.rakuten.co.jp/recipe/1600009439/
レトルトカレーで簡単♪旨いカレーうどん,"https://recipe.r10s.jp/recipe-space/d/strg/ctrl/3/589dc115fbcfcdacbd15df7099bb90bd48fc836f.05.2.3.2.jpg?interpolation=lanczos-none&fit=around|320:320&crop=320:320;*,*",レトルトカレー,https://recipe.rakuten.co.jp/recipe/1920002272/
ナゲット入りカレー,"https://recipe.r10s.jp/recipe-space/d/strg/ctrl/3/8f22287a62c1b0f0f10a0bca7b37d7c39c801fdc.76.2.3.2.jpg?interpolation=lanczos-none&fit=around|320:320&crop=320:320;*,*",レトルトカレー,https://recipe.rakuten.co.jp/recipe/1450008268/
焼き野菜で　レトルトカレーアレンジ,"https://recipe.r10s.jp/recipe-space/d/strg/ctrl/3/53274f231c6f19b14705a7f42c12eca93c1ecffe.33.9.3.3.jpg?interpolation=lanczos-none&fit=around|320:320&crop=320:320;*,*",レトルトカレー,https://recipe.rakuten.co.jp/recipe/1230025895/
レトルトカレー１人前で　二人のカラーうどん♪,"https://recipe.r10s.jp/recipe-space/d/strg/ctrl/3/65df9d93188a988e8e8e9cf78fa07f1edc283fce.38.2.3.2.jpg?interpolation=lanczos-none&fit=around|320:320&crop=320:320;*,*",レトルトカレー,https://recipe.rakuten.co.jp/recipe/1390026280/
レトルトカレーうどん,"https://recipe.r10s.jp/recipe-space/d/strg/ctrl/3/ccd3fb6afb47eab4d264bfc49f3adbdaf2b2eb4d.36.2.3.2.jpg?interpolation=lanczos-none&fit=around|320:320&crop=320:320;*,*",レトルトカレー,https://recipe.rakuten.co.jp/recipe/1290010925/
レトルトカレーを好みの味にシーフードミックスカレー,"https://recipe.r10s.jp/recipe-space/d/strg/ctrl/3/6fab98573cb6cddf95e08a178f052d4cbfc5abde.62.9.3.3.jpg?interpolation=lanczos-none&fit=around|320:320&crop=320:320;*,*",レトルトカレー,https://recipe.rakuten.co.jp/recipe/1760037572/
レトルトカレーで…簡単夕食ヒレカツカレー,"https://recipe.r10s.jp/recipe-space/d/strg/ctrl/3/bbe0cf2bf07552867dd92b5703c55ff02926ddb4.97.2.3.2.jpg?interpolation=lanczos-none&fit=around|320:320&crop=320:320;*,*",レトルトカレー,https://recipe.rakuten.co.jp/recipe/1520016921/
レトルトカレーのグリル野菜添え,"https://recipe.r10s.jp/recipe-space/d/strg/ctrl/3/31161ec7d9e17d80f4e5c6d9ea2c07eaeddaa1b2.50.2.3.2.jpg?interpolation=lanczos-none&fit=around|320:320&crop=320:320;*,*",レトルトカレー,https://recipe.rakuten.co.jp/recipe/1930008598/
レトルトカレーを使った鍋**早ウマ鍋**,"https://recipe.r10s.jp/recipe-space/d/strg/ctrl/3/bd482b7ee40d7233e557a7eaccbdca2c568dacd7.25.2.3.2.jpg?interpolation=lanczos-none&fit=around|320:320&crop=320:320;*,*",レトルトカレー,https://recipe.rakuten.co.jp/recipe/1470003540/
山ごはん！焼きチーズカレー,"https://recipe.r10s.jp/recipe-space/d/strg/ctrl/3/f7b0fdfc8fb8a9ad36f6dfb1fed8245e1cba93cf.86.2.3.2.jpg?interpolation=lanczos-none&fit=around|320:320&crop=320:320;*,*",レトルトカレー,https://recipe.rakuten.co.jp/recipe/1890017495/
しっとりドライカレー弁当,"https://recipe.r10s.jp/recipe-space/d/strg/ctrl/3/ab17d260903042e0a761ed703ea2dfb1ace25e51.07.2.3.2.jpg?interpolation=lanczos-none&fit=around|320:320&crop=320:320;*,*",レトルトカレー,https://recipe.rakuten.co.jp/recipe/1010032238/
レトルトカレーでドライカレー♪,"https://recipe.r10s.jp/recipe-space/d/strg/ctrl/3/0884ce0ff8184d4aca6e263df85c17243e3ee0dc.34.2.3.2.jpg?interpolation=lanczos-none&fit=around|320:320&crop=320:320;*,*",レトルトカレー,https://recipe.rakuten.co.jp/recipe/1890008853/
簡単！レトルトカレーアレンジ！千切りキャベツのせ,"https://recipe.r10s.jp/recipe-space/d/strg/ctrl/3/e18bb5d77800482845250c6c6c234b7fc955cfc6.93.2.3.2.jpg?interpolation=lanczos-none&fit=around|320:320&crop=320:320;*,*",レトルトカレー,https://recipe.rakuten.co.jp/recipe/1510011466/
おうちカフェ♪レトルトカレーでランチ風,"https://recipe.r10s.jp/recipe-space/d/strg/ctrl/3/2285950070fdac6e85736f1bb1e8d88f5c98bc89.83.2.3.2.jpg?interpolation=lanczos-none&fit=around|320:320&crop=320:320;*,*",レトルトカレー,https://recipe.rakuten.co.jp/recipe/1340009581/
レトルトカレー＆麻辣醤で簡単！カレー麻婆春雨♪,"https://recipe.r10s.jp/recipe-space/d/strg/ctrl/3/b12d0daad85a9affe3f5a60a5f898b1a9416b466.96.2.3.2.jpg?interpolation=lanczos-none&fit=around|320:320&crop=320:320;*,*",レトルトカレー,https://recipe.rakuten.co.jp/recipe/1110019160/
土鍋で熱々レトルトカレーうどん,"https://recipe.r10s.jp/recipe-space/d/strg/ctrl/3/7a17214a0c969a6dd5d19166c360defeab31cc83.09.2.3.2.jpg?interpolation=lanczos-none&fit=around|320:320&crop=320:320;*,*",レトルトカレー,https://recipe.rakuten.co.jp/recipe/1340020461/
レトルトカレーで！(^^)ミルキーカレーうどん♪,"https://recipe.r10s.jp/recipe-space/d/strg/ctrl/3/c0971f9eba4d5ecdb6f13723488be8567c746fcc.16.2.3.2.jpg?interpolation=lanczos-none&fit=around|320:320&crop=320:320;*,*",レトルトカレー,https://recipe.rakuten.co.jp/recipe/1100018443/
レトルトカレー●かんたんバジルバターライス,"https://recipe.r10s.jp/recipe-space/d/strg/ctrl/3/f14037e856656c3992ba6be5181218b459ecfb20.66.9.3.3.jpg?interpolation=lanczos-none&fit=around|320:320&crop=320:320;*,*",レトルトカレー,https://recipe.rakuten.co.jp/recipe/1210020957/
レトルトカレー●水ナスのさっと炒めカレー,"https://recipe.r10s.jp/recipe-space/d/strg/ctrl/3/c0374f5f7286ce3780112eaa1d38efdd625c7d75.66.9.3.3.jpg?interpolation=lanczos-none&fit=around|320:320&crop=320:320;*,*",レトルトカレー,https://recipe.rakuten.co.jp/recipe/1210021470/
レトルトカレー●新玉ネギ＆ミニウインナーソーセージ,"https://recipe.r10s.jp/recipe-space/d/strg/ctrl/3/32b8089f36d790adf0f25a38456f9ec264d2f2e4.66.9.3.3.jpg?interpolation=lanczos-none&fit=around|320:320&crop=320:320;*,*",レトルトカレー,https://recipe.rakuten.co.jp/recipe/1210020064/
レトルトカレー●塩茹でチンゲン菜追加,"https://recipe.r10s.jp/recipe-space/d/strg/ctrl/3/184e28218a8961d5821920a5421c85169bd34aed.66.9.3.3.jpg?interpolation=lanczos-none&fit=around|320:320&crop=320:320;*,*",レトルトカレー,https://recipe.rakuten.co.jp/recipe/1210019921/
レトルトカレー●ごはんが見えないステルスカレー,"https://recipe.r10s.jp/recipe-space/d/strg/ctrl/3/ffb5453028336a36d7d5559ecd9d3ecdb0e42b0c.66.9.3.3.jpg?interpolation=lanczos-none&fit=around|320:320&crop=320:320;*,*",レトルトカレー,https://recipe.rakuten.co.jp/recipe/1210019644/
レトルトカレー●サラダにライスをのせたチーズカレー,"https://recipe.r10s.jp/recipe-space/d/strg/ctrl/3/fe21604f30dc96a2d9f98dba7ee3f735b631f655.66.9.3.3.jpg?interpolation=lanczos-none&fit=around|320:320&crop=320:320;*,*",レトルトカレー,https://recipe.rakuten.co.jp/recipe/1210019358/
鍋の素＆レトルトカレー●冷凍野菜＋の簡単カレー雑炊,"https://recipe.r10s.jp/recipe-space/d/strg/ctrl/3/96cf862b07d5425b7b0ac5b5d398d87e13f53bd7.66.9.3.3.jpg?interpolation=lanczos-none&fit=around|320:320&crop=320:320;*,*",レトルトカレー,https://recipe.rakuten.co.jp/recipe/1210018510/
レトルトカレーでタンドーリチキン,"https://recipe.r10s.jp/recipe-space/d/strg/ctrl/3/0a64e9fd9b54677fa08efcff9fbc5b415c49db00.72.2.3.2.jpg?interpolation=lanczos-none&fit=around|320:320&crop=320:320;*,*",レトルトカレー,https://recipe.rakuten.co.jp/recipe/1840034520/
意外な相性？　鮭フレーク&レトルトカレー・ライス,"https://recipe.r10s.jp/recipe-space/d/strg/ctrl/3/ac09ff41403d3c43876f49e97cffc8e117807c76.81.2.3.2.jpg?interpolation=lanczos-none&fit=around|320:320&crop=320:320;*,*",レトルトカレー,https://recipe.rakuten.co.jp/recipe/1010004030/
レトルトカレーを2分で本格スパイスカレーに,"https://recipe.r10s.jp/recipe-space/d/strg/ctrl/3/af88ba037e982027c3f87c2f9f725755dac7ef21.96.9.3.3.jpg?interpolation=lanczos-none&fit=around|320:320&crop=320:320;*,*",レトルトカレー,https://recipe.rakuten.co.jp/recipe/1380014741/
レトルトカレーで☆ドリア風チーズカレー,"https://recipe.r10s.jp/recipe-space/d/strg/ctrl/3/5aef622a3807caad6b6f6fe66766a52bd27a8db8.24.2.3.2.jpg?interpolation=lanczos-none&fit=around|320:320&crop=320:320;*,*",レトルトカレー,https://recipe.rakuten.co.jp/recipe/1770022199/
レトルトカレーのリメイク（もっと豪華に美味しく）,"https://recipe.r10s.jp/recipe-space/d/strg/ctrl/3/ac29d704017f8442331d95bf7ef06c00cb8a3dc4.09.2.3.2.jpg?interpolation=lanczos-none&fit=around|320:320&crop=320:320;*,*",レトルトカレー,https://recipe.rakuten.co.jp/recipe/1610014676/
天かす乗せ☆冷やしカレー蕎麦,"https://recipe.r10s.jp/recipe-space/d/strg/ctrl/3/7775b0b9aefb29a224121e11b2eb2a904f2dc541.45.9.3.3.jpg?interpolation=lanczos-none&fit=around|320:320&crop=320:320;*,*",レトルトカレー,https://recipe.rakuten.co.jp/recipe/1330040981/
サバ缶とトマトの冷やしうどん,"https://recipe.r10s.jp/recipe-space/d/strg/ctrl/3/2be7bfeae923bff16990bba2dc5b687b07480e6d.47.2.3.2.jpg?interpolation=lanczos-none&fit=around|320:320&crop=320:320;*,*",さば缶,https://recipe.rakuten.co.jp/recipe/1700011321/
サバ缶で簡単冷や汁風つけうどん♪,"https://recipe.r10s.jp/recipe-space/d/strg/ctrl/3/acf78d617ab5f3ca67634e6067ef02ccbde43680.37.2.3.2.jpg?interpolation=lanczos-none&fit=around|320:320&crop=320:320;*,*",さば缶,https://recipe.rakuten.co.jp/recipe/1790011311/
サバ缶で和風パスタ。材料3つで時短！意外でハマる♪,"https://recipe.r10s.jp/recipe-space/d/strg/ctrl/3/353f6e7695e54cbcb99084a26404378327e9f9cc.67.2.3.2.jpg?interpolation=lanczos-none&fit=around|320:320&crop=320:320;*,*",さば缶,https://recipe.rakuten.co.jp/recipe/1970015208/
トマトとおろしでさっぱり！サバ缶冷やしうどん,"https://recipe.r10s.jp/recipe-space/d/strg/ctrl/3/80be8cc722064bc552045566f38557406d1e89a3.37.2.3.2.jpg?interpolation=lanczos-none&fit=around|320:320&crop=320:320;*,*",さば缶,https://recipe.rakuten.co.jp/recipe/1790009727/
缶詰で簡単♪鯖と玉ねぎの味噌煮,"https://recipe.r10s.jp/recipe-space/d/strg/ctrl/3/dbd46ce3649369c1262eff5e72a730a018543920.49.2.3.2.jpg?interpolation=lanczos-none&fit=around|320:320&crop=320:320;*,*",さば缶,https://recipe.rakuten.co.jp/recipe/1760025875/
【さば缶で簡単に！】ズッキーニのトマト煮,"https://recipe.r10s.jp/recipe-space/d/strg/ctrl/3/5648a4f2528284bd70da50d82ca0e02787d1166a.77.2.3.2.jpg?interpolation=lanczos-none&fit=around|320:320&crop=320:320;*,*",さば缶,https://recipe.rakuten.co.jp/recipe/1990037480/
鯖缶で簡単！！美味しい★サバカレー★,"https://recipe.r10s.jp/recipe-space/d/strg/ctrl/3/f9fb5852f60f3b1e530ca4bb06e244208ca6819f.65.2.3.2.jpg?interpolation=lanczos-none&fit=around|320:320&crop=320:320;*,*",さば缶,https://recipe.rakuten.co.jp/recipe/1520017990/
さば缶のトマトパスタです☆食べたい時にサッ！とね♪,"https://recipe.r10s.jp/recipe-space/d/strg/ctrl/3/7be683b869032cd6cc31b52bf49974771cb8b341.98.2.3.2.jpg?interpolation=lanczos-none&fit=around|320:320&crop=320:320;*,*",さば缶,https://recipe.rakuten.co.jp/recipe/1570013851/
きゅうりと長ねぎ入り♪さば缶のコチュジャンサラダ,"https://recipe.r10s.jp/recipe-space/d/strg/ctrl/3/be25c7bfe92c42f2fc85e1bfaeaeac672f3b00b8.24.9.3.3.jpg?interpolation=lanczos-none&fit=around|320:320&crop=320:320;*,*",さば缶,https://recipe.rakuten.co.jp/recipe/1650018744/
さば缶で簡単！鯖と大葉の混ぜご飯,"https://recipe.r10s.jp/recipe-space/d/strg/ctrl/3/213d4773a0e601b3560a9b053be1097bded155f4.07.9.3.3.jpg?interpolation=lanczos-none&fit=around|320:320&crop=320:320;*,*",さば缶,https://recipe.rakuten.co.jp/recipe/1370006641/
サバ缶で簡単！豆乳味噌煮込みうどん♪,"https://recipe.r10s.jp/recipe-space/d/strg/ctrl/3/b88175201733d3df0797ef0b2baf258e619f8ff2.37.2.3.2.jpg?interpolation=lanczos-none&fit=around|320:320&crop=320:320;*,*",さば缶,https://recipe.rakuten.co.jp/recipe/1790010420/
夏にピッタリ♪サバ缶でお手軽冷や汁☆,"https://recipe.r10s.jp/recipe-space/d/strg/ctrl/3/24059564a662a7cf2d18f8d226166798fca4d8c8.19.2.3.2.jpg?interpolation=lanczos-none&fit=around|320:320&crop=320:320;*,*",さば缶,https://recipe.rakuten.co.jp/recipe/1070003244/
サバ缶で即席おつまみ★ちくわのサバキムチ焼き,"https://recipe.r10s.jp/recipe-space/d/strg/ctrl/3/658142b253e8cf37c227c995fa55efa09159be1d.30.9.3.3.jpg?interpolation=lanczos-none&fit=around|320:320&crop=320:320;*,*",さば缶,https://recipe.rakuten.co.jp/recipe/1430022629/
サバ缶でそうめんチャンプルー,"https://recipe.r10s.jp/recipe-space/d/strg/ctrl/3/580b752dda4784de99e210ac69275099afbc4946.89.2.3.2.jpg?interpolation=lanczos-none&fit=around|320:320&crop=320:320;*,*",さば缶,https://recipe.rakuten.co.jp/recipe/1770002759/
鯖缶のトマトカップ　オーブン焼き,"https://recipe.r10s.jp/recipe-space/d/strg/ctrl/3/2fd5f72ffce4716b94d51d70d78d54855b2b805b.09.2.3.2.jpg?interpolation=lanczos-none&fit=around|320:320&crop=320:320;*,*",さば缶,https://recipe.rakuten.co.jp/recipe/1440022826/
味付けなしの手抜き料理、さば味噌煮缶のキムチ豆腐,"https://recipe.r10s.jp/recipe-space/d/strg/ctrl/3/952151d423813ecf53be714a53b8b2afbb8b6dba.39.2.3.2.jpg?interpolation=lanczos-none&fit=around|320:320&crop=320:320;*,*",さば缶,https://recipe.rakuten.co.jp/recipe/1030004198/
サバ味噌煮缶と豆腐のサクサク油揚げ焼き♪,"https://recipe.r10s.jp/recipe-space/d/strg/ctrl/3/014a21eacba27bafb1c15e9aea295b769358c881.37.2.3.2.jpg?interpolation=lanczos-none&fit=around|320:320&crop=320:320;*,*",さば缶,https://recipe.rakuten.co.jp/recipe/1790011493/
お手軽♪サバ缶で大根の煮物♩,"https://recipe.r10s.jp/recipe-space/d/strg/ctrl/3/182eb97fd3ccf18625fc825fc202706f385ddc1a.23.2.3.2.jpg?interpolation=lanczos-none&fit=around|320:320&crop=320:320;*,*",さば缶,https://recipe.rakuten.co.jp/recipe/1970018014/
さば缶とゴーヤのにら和え♪,"https://recipe.r10s.jp/recipe-space/d/strg/ctrl/3/8683388abfb8e4b2a7d0bc9ea08e82765b57ab05.13.9.3.3.jpg?interpolation=lanczos-none&fit=around|320:320&crop=320:320;*,*",さば缶,https://recipe.rakuten.co.jp/recipe/1950029707/
簡単！サバ缶とじゃがいものカレー炒め,"https://recipe.r10s.jp/recipe-space/d/strg/ctrl/3/9bf56a9017336d1c2c99af3efc2dfcc8c9e8cbd0.37.2.3.2.jpg?interpolation=lanczos-none&fit=around|320:320&crop=320:320;*,*",さば缶,https://recipe.rakuten.co.jp/recipe/1790011339/
サバ缶と切干し大根の簡単煮付け風,"https://recipe.r10s.jp/recipe-space/d/strg/ctrl/3/0c5cebd15df68b3fbfc071cd2b4e4ea3c1b8a297.87.9.3.3.jpg?interpolation=lanczos-none&fit=around|320:320&crop=320:320;*,*",さば缶,https://recipe.rakuten.co.jp/recipe/1360024431/
◎サバ缶アクアパッツァ,"https://recipe.r10s.jp/recipe-space/d/strg/ctrl/3/0e389f781f38b724161dbfcf8235e300a8e2feca.45.2.3.2.jpg?interpolation=lanczos-none&fit=around|320:320&crop=320:320;*,*",さば缶,https://recipe.rakuten.co.jp/recipe/1100010135/
☺鯖の水煮缶とねぎで簡単おつまみ♪☺,"https://recipe.r10s.jp/recipe-space/d/strg/ctrl/3/3b9e18b0fb3f68b12f8832cf3cef45b742dfa9dc.19.9.3.3.jpg?interpolation=lanczos-none&fit=around|320:320&crop=320:320;*,*",さば缶,https://recipe.rakuten.co.jp/recipe/1270024090/
クリスマスにも！鯖缶で簡単アヒージョ！！,"https://recipe.r10s.jp/recipe-space/d/strg/ctrl/3/727fa82182ec6bb17a68d5c091287ae72aaf1501.68.2.3.2.jpg?interpolation=lanczos-none&fit=around|320:320&crop=320:320;*,*",さば缶,https://recipe.rakuten.co.jp/recipe/1740014266/
サバ缶で京丹後バラ寿司風,"https://recipe.r10s.jp/recipe-space/d/strg/ctrl/3/11da56d6b782790f7c1dd95f746e35c930555d52.38.2.3.2.jpg?interpolation=lanczos-none&fit=around|320:320&crop=320:320;*,*",さば缶,https://recipe.rakuten.co.jp/recipe/1640000751/
簡単(^^)サバ缶と冷凍ブロッコリーのチーズ焼き♪,"https://recipe.r10s.jp/recipe-space/d/strg/ctrl/3/6aef2953cd4d52e6b17218900a34d2cfe551ceb8.16.9.3.3.jpg?interpolation=lanczos-none&fit=around|320:320&crop=320:320;*,*",さば缶,https://recipe.rakuten.co.jp/recipe/1100036716/
オーブントースターで！サバ缶と玉ねぎのチーズ焼き♪,"https://recipe.r10s.jp/recipe-space/d/strg/ctrl/3/1e5af1d4ada86dc2ac459133e150d23d73ac9179.16.2.3.2.jpg?interpolation=lanczos-none&fit=around|320:320&crop=320:320;*,*",さば缶,https://recipe.rakuten.co.jp/recipe/1100023327/
さば水煮缶の炊き込みご飯☆白だしを使って,"https://recipe.r10s.jp/recipe-space/d/strg/ctrl/3/e3d8d5663519a41a0f25ade546ce66cfdce1e8c7.32.2.3.2.jpg?interpolation=lanczos-none&fit=around|320:320&crop=320:320;*,*",さば缶,https://recipe.rakuten.co.jp/recipe/1380009196/
サバ水煮缶で☆サバのペースト,"https://recipe.r10s.jp/recipe-space/d/strg/ctrl/3/f7d28f154e34f7cff1b0e3fec09f2bed73403863.47.2.3.2.jpg?interpolation=lanczos-none&fit=around|320:320&crop=320:320;*,*",さば缶,https://recipe.rakuten.co.jp/recipe/1700009776/
さば缶と大根おろしで❤ぶっかけ蕎麦,"https://recipe.r10s.jp/recipe-space/d/strg/ctrl/3/79d3bd5cd69753e1dcce88b57a3cfa5a27cd1ac0.86.2.3.2.jpg?interpolation=lanczos-none&fit=around|320:320&crop=320:320;*,*",さば缶,https://recipe.rakuten.co.jp/recipe/1610006150/
えごま油で☆サバ缶とキャベツのしょうゆマヨサラダ,"https://recipe.r10s.jp/recipe-space/d/strg/ctrl/3/153e9f1967290478cdfacd96df815a051ada6702.32.2.3.2.jpg?interpolation=lanczos-none&fit=around|320:320&crop=320:320;*,*",さば缶,https://recipe.rakuten.co.jp/recipe/1380009035/
★白菜とさば缶のあんかけ煮★,"https://recipe.r10s.jp/recipe-space/d/strg/ctrl/3/7068fc745de821d4feed09d787e96a61255e8075.12.2.3.2.jpg?interpolation=lanczos-none&fit=around|320:320&crop=320:320;*,*",さば缶,https://recipe.rakuten.co.jp/recipe/1510019740/
サバ缶で！簡単サバ大根,"https://recipe.r10s.jp/recipe-space/d/strg/ctrl/3/b4291427a5d40affff6329f7e31793ee55a76120.26.2.3.2.jpg?interpolation=lanczos-none&fit=around|320:320&crop=320:320;*,*",さば缶,https://recipe.rakuten.co.jp/recipe/1210010907/
なすとかぼちゃ入り♪ 美味しいサバ缶カレー,"https://recipe.r10s.jp/recipe-space/d/strg/ctrl/3/947036bb2f36e78db66b0aa8e1460d90f5f3860b.83.9.3.3.jpg?interpolation=lanczos-none&fit=around|320:320&crop=320:320;*,*",さば缶,https://recipe.rakuten.co.jp/recipe/1940022585/
簡単！(^^)サバ缶と春キャベツのめんつゆ煮♪,"https://recipe.r10s.jp/recipe-space/d/strg/ctrl/3/c8808d16895a0a479ba00eeb669389383273541d.16.9.3.3.jpg?interpolation=lanczos-none&fit=around|320:320&crop=320:320;*,*",さば缶,https://recipe.rakuten.co.jp/recipe/1100033110/
30分以内で完成☆サバ缶とキャベツのカレー煮,"https://recipe.r10s.jp/recipe-space/d/strg/ctrl/3/e71037fe9ebe3bb6c0a8685cf8d1e61dd5dc9ba9.86.9.3.3.jpg?interpolation=lanczos-none&fit=around|320:320&crop=320:320;*,*",さば缶,https://recipe.rakuten.co.jp/recipe/1270022098/
肉・卵なし！サバ缶と豆腐のふわもちハンバーグ♪,"https://recipe.r10s.jp/recipe-space/d/strg/ctrl/3/cc115c61f092ad08a90fd06a05aff882fde02951.37.2.3.2.jpg?interpolation=lanczos-none&fit=around|320:320&crop=320:320;*,*",さば缶,https://recipe.rakuten.co.jp/recipe/1790011276/
サバ水煮缶でにんじんしりしり,"https://recipe.r10s.jp/recipe-space/d/strg/ctrl/3/0e645d5bf49476f0017c55504c7dddbded8468c0.98.9.3.3.jpg?interpolation=lanczos-none&fit=around|320:320&crop=320:320;*,*",さば缶,https://recipe.rakuten.co.jp/recipe/1720061125/
鯖缶でお弁当のおかず♪キャベツの鯖缶炒め,"https://recipe.r10s.jp/recipe-space/d/strg/ctrl/3/32ee17babbae312fed739aca693d75cd0f1eb0b6.42.2.3.2.jpg?interpolation=lanczos-none&fit=around|320:320&crop=320:320;*,*",さば缶,https://recipe.rakuten.co.jp/recipe/1600021870/
簡単ヘルシー(^^)サバ缶×トマト缶のサッと煮♪,"https://recipe.r10s.jp/recipe-space/d/strg/ctrl/3/534f5011a47cc9b339bd71edecbdab3bc4344296.16.2.3.2.jpg?interpolation=lanczos-none&fit=around|320:320&crop=320:320;*,*",さば缶,https://recipe.rakuten.co.jp/recipe/1100024558/
鯖缶と豆腐サラダ,"https://recipe.r10s.jp/recipe-space/d/strg/ctrl/3/d782a289eab08c2d04406baec7f81d266a0965a3.99.2.3.2.jpg?interpolation=lanczos-none&fit=around|320:320&crop=320:320;*,*",さば缶,https://recipe.rakuten.co.jp/recipe/1690013357/
ローリングストック♪缶詰で超簡単まぜごはん!サバ缶,"https://recipe.r10s.jp/recipe-space/d/strg/ctrl/3/836c92509fa282de54b58b5a943f058d7463fe32.96.9.3.3.jpg?interpolation=lanczos-none&fit=around|320:320&crop=320:320;*,*",さば缶,https://recipe.rakuten.co.jp/recipe/1260022685/
簡単おうち居酒屋✳︎鯖缶のなめろう風,"https://recipe.r10s.jp/recipe-space/d/strg/ctrl/3/b352aee254f22582709d49595e8645facc0fbc95.51.9.3.3.jpg?interpolation=lanczos-none&fit=around|320:320&crop=320:320;*,*",さば缶,https://recipe.rakuten.co.jp/recipe/1860027543/
簡単！サバ缶ときゅうりのサラダ,"https://recipe.r10s.jp/recipe-space/d/strg/ctrl/3/4f56558f2adf747887f68d5b38fcde177e4cf8f3.88.2.3.2.jpg?interpolation=lanczos-none&fit=around|320:320&crop=320:320;*,*",さば缶,https://recipe.rakuten.co.jp/recipe/1570008646/
[電子レンジ]サバ缶で満足丼！,"https://recipe.r10s.jp/recipe-space/d/strg/ctrl/3/74f25d1858802aac65eeb415e575f9e966cfb0eb.72.2.3.2.jpg?interpolation=lanczos-none&fit=around|320:320&crop=320:320;*,*",さば缶,https://recipe.rakuten.co.jp/recipe/1910012189/
さば缶の和風醤油パスタ,"https://recipe.r10s.jp/recipe-space/d/strg/ctrl/3/66b29d0b94bda44b8f99a6686eb4d87d0383c597.72.2.3.2.jpg?interpolation=lanczos-none&fit=around|320:320&crop=320:320;*,*",さば缶,https://recipe.rakuten.co.jp/recipe/1840035297/
ピーマンとサバ缶で☆簡単甘辛味噌炒め♪,"https://recipe.r10s.jp/recipe-space/d/strg/ctrl/3/23c8f7dcb13fdbdb73eaa48030fd33a2e92b7f0c.76.2.3.2.jpg?interpolation=lanczos-none&fit=around|320:320&crop=320:320;*,*",さば缶,https://recipe.rakuten.co.jp/recipe/1220010280/
★サバ缶でオクラとトマトのそうめん★,"https://recipe.r10s.jp/recipe-space/d/strg/ctrl/3/b1645f004ed20efc63c9fa23d8343bdb8a249843.86.2.3.2.jpg?interpolation=lanczos-none&fit=around|320:320&crop=320:320;*,*",さば缶,https://recipe.rakuten.co.jp/recipe/1820025339/
炊飯器で(^^)サバ缶とトマトの炊き込みご飯♪,"https://recipe.r10s.jp/recipe-space/d/strg/ctrl/3/f4dfaf64f9626a4a19dcbe8a52126e4ba5335353.16.2.3.2.jpg?interpolation=lanczos-none&fit=around|320:320&crop=320:320;*,*",さば缶,https://recipe.rakuten.co.jp/recipe/1100022741/
缶詰レシピ☆さば缶のトマト缶煮込み～☆,"https://recipe.r10s.jp/recipe-space/d/strg/ctrl/3/86b86eb0bff31ee3b7d743f8c3ae4a302eaeacdf.94.2.3.2.jpg?interpolation=lanczos-none&fit=around|320:320&crop=320:320;*,*",さば缶,https://recipe.rakuten.co.jp/recipe/1130006631/
にんじん大量消費にんじんとツナ缶のゴマ味噌マヨ和え,"https://recipe.r10s.jp/recipe-space/d/strg/ctrl/3/31936bf4ed1d130116286291c91c417c6ef72f99.23.2.3.2.jpg?interpolation=lanczos-none&fit=around|320:320&crop=320:320;*,*",ツナ缶,https://recipe.rakuten.co.jp/recipe/1340024949/
トマトとツナの冷製パスタ,"https://recipe.r10s.jp/recipe-space/d/strg/ctrl/3/49596a06c7c4dec30f4eda322c4f503d325ab4f3.50.2.3.2.jpg?interpolation=lanczos-none&fit=around|320:320&crop=320:320;*,*",ツナ缶,https://recipe.rakuten.co.jp/recipe/1200002310/
”めんつゆで美味しい”　ほうれん草とツナのおひたし,"https://recipe.r10s.jp/recipe-space/d/strg/ctrl/3/e670166a9fdbf53a6a5e9335b332a37b612597d0.86.2.3.2.jpg?interpolation=lanczos-none&fit=around|320:320&crop=320:320;*,*",ツナ缶,https://recipe.rakuten.co.jp/recipe/1210000213/
茄子とツナのサッパリおろしのせ,"https://recipe.r10s.jp/recipe-space/d/strg/ctrl/3/7ec5996cde4e7451ab86dd716ef4e1e6ad2dda0e.92.2.3.2.jpg?interpolation=lanczos-none&fit=around|320:320&crop=320:320;*,*",ツナ缶,https://recipe.rakuten.co.jp/recipe/1860006353/
ビタミンたっぷり☆贅沢サラダうどん,"https://recipe.r10s.jp/recipe-space/d/strg/ctrl/3/1ac77e770ba056594884ef015e323fb7e2aa4607.18.2.3.2.jpg?interpolation=lanczos-none&fit=around|320:320&crop=320:320;*,*",ツナ缶,https://recipe.rakuten.co.jp/recipe/1360001349/
チーズがとろ～り♪米茄子のツナ味噌グラタン,"https://recipe.r10s.jp/recipe-space/d/strg/ctrl/3/498ac634e001ed63d0ddf370d83f2e681e01da99.83.2.3.2.jpg?interpolation=lanczos-none&fit=around|320:320&crop=320:320;*,*",ツナ缶,https://recipe.rakuten.co.jp/recipe/1490007099/
ツナ缶でトマトそうめん,"https://recipe.r10s.jp/recipe-space/d/strg/ctrl/3/d816332fccd50139bf077383754758e9b7163d65.57.2.3.2.jpg?interpolation=lanczos-none&fit=around|320:320&crop=320:320;*,*",ツナ缶,https://recipe.rakuten.co.jp/recipe/1500004309/
簡単☆ツナ入りおからナゲット,"https://recipe.r10s.jp/recipe-space/d/strg/ctrl/3/87520ce5eb80e8ca2196a3681096aae92f6248a5.56.2.3.2.jpg?interpolation=lanczos-none&fit=around|320:320&crop=320:320;*,*",ツナ缶,https://recipe.rakuten.co.jp/recipe/1080009174/
簡単☆黒瀬スパイスｄｅ無限ピーマン♪,"https://recipe.r10s.jp/recipe-space/d/strg/ctrl/3/6c7f82b1cb05e97d81dcfe89a24e85e1bc2c093f.38.2.3.2.jpg?interpolation=lanczos-none&fit=around|320:320&crop=320:320;*,*",ツナ缶,https://recipe.rakuten.co.jp/recipe/1130010273/
簡単☆キノコとツナとチーズのクリームパスタ,"https://recipe.r10s.jp/recipe-space/d/strg/ctrl/3/4ba7385ae22c7c306c68426d057c6cab28be80de.40.2.3.2.jpg?interpolation=lanczos-none&fit=around|320:320&crop=320:320;*,*",ツナ缶,https://recipe.rakuten.co.jp/recipe/1070031287/
ツナの缶詰で作る♡揚げないかぼちゃのカレーコロッケ,"https://recipe.r10s.jp/recipe-space/d/strg/ctrl/3/75732665519ea9b0c84fa90e229ce60a81486722.73.9.3.3.jpg?interpolation=lanczos-none&fit=around|320:320&crop=320:320;*,*",ツナ缶,https://recipe.rakuten.co.jp/recipe/1540026726/
トマトとツナの冷製パスタ風そうめん,"https://recipe.r10s.jp/recipe-space/d/strg/ctrl/3/dd9eface792591bbbe670a49f5e1c9519446d95c.50.2.3.2.jpg?interpolation=lanczos-none&fit=around|320:320&crop=320:320;*,*",ツナ缶,https://recipe.rakuten.co.jp/recipe/1770011063/
夏は苦ウマ～＊ゴーヤサラダ＊,"https://recipe.r10s.jp/recipe-space/d/strg/ctrl/3/edefa650b33278bd449851c094b21879d3ac6d5d.33.2.3.2.jpg?interpolation=lanczos-none&fit=around|320:320&crop=320:320;*,*",ツナ缶,https://recipe.rakuten.co.jp/recipe/1140019746/
ツナ缶と塩昆布の旨味で～簡単炊き込みご飯♪,"https://recipe.r10s.jp/recipe-space/d/strg/ctrl/3/e51d72e3849143270eda9387cb302d5e87b706dd.28.2.3.2.jpg?interpolation=lanczos-none&fit=around|320:320&crop=320:320;*,*",ツナ缶,https://recipe.rakuten.co.jp/recipe/1110007892/
パパッともう一品！小松菜のツナマヨ和え,"https://recipe.r10s.jp/recipe-space/d/strg/ctrl/3/e37d16ac5f8230df68ec321389cbc8b7dfb9e263.12.2.3.2.jpg?interpolation=lanczos-none&fit=around|320:320&crop=320:320;*,*",ツナ缶,https://recipe.rakuten.co.jp/recipe/1880012689/
レンジで簡単☆お弁当に！塩昆布入り無限ピーマン,"https://recipe.r10s.jp/recipe-space/d/strg/ctrl/3/4e0cc1dd170965e05eb1dfb077fbf3149f753fe9.84.9.3.3.jpg?interpolation=lanczos-none&fit=around|320:320&crop=320:320;*,*",ツナ缶,https://recipe.rakuten.co.jp/recipe/1130014088/
人参とピーマンのツナ炒め♪,"https://recipe.r10s.jp/recipe-space/d/strg/ctrl/3/85a76beb3f954ca11d5193e7d42abe52f8a7a7c2.62.2.3.2.jpg?interpolation=lanczos-none&fit=around|320:320&crop=320:320;*,*",ツナ缶,https://recipe.rakuten.co.jp/recipe/1800013233/
キャベツとツナのマヨぽんおろし冷やしうどん,"https://recipe.r10s.jp/recipe-space/d/strg/ctrl/3/06279da8bf385b53976e0febb322a7e6b139bc74.37.2.3.2.jpg?interpolation=lanczos-none&fit=around|320:320&crop=320:320;*,*",ツナ缶,https://recipe.rakuten.co.jp/recipe/1790009758/
ツナとズッキーニのトマトソースパスタ,"https://recipe.r10s.jp/recipe-space/d/strg/ctrl/3/b1dd997b184786c8a209ea8b7007642e1a12ce58.12.2.3.2.jpg?interpolation=lanczos-none&fit=around|320:320&crop=320:320;*,*",ツナ缶,https://recipe.rakuten.co.jp/recipe/1200005787/
はちみつ醤油だれで食べる★シーチキンの冷やし中華,"https://recipe.r10s.jp/recipe-space/d/strg/ctrl/3/8810f3d781ecf1ec27a3c040c65437928d50b9ea.93.2.3.2.jpg?interpolation=lanczos-none&fit=around|320:320&crop=320:320;*,*",ツナ缶,https://recipe.rakuten.co.jp/recipe/1010017801/
ポテサラより美味しい♪　おからサラダ,"https://recipe.r10s.jp/recipe-space/d/strg/ctrl/3/a463545fefa018926752e269a6383838ca551286.96.2.3.2.jpg?interpolation=lanczos-none&fit=around|320:320&crop=320:320;*,*",ツナ缶,https://recipe.rakuten.co.jp/recipe/1060007900/
【楽めし】ツナとほうれん草のクリームうどん,"https://recipe.r10s.jp/recipe-space/d/strg/ctrl/3/88cb78a68eac389c3a985049fd443e88110ecef9.75.9.3.3.jpg?interpolation=lanczos-none&fit=around|320:320&crop=320:320;*,*",ツナ缶,https://recipe.rakuten.co.jp/recipe/1850021069/
簡単なのに！豪華★ズッキーニのカラフル前菜サラダ,"https://recipe.r10s.jp/recipe-space/d/strg/ctrl/3/eed048dd0722125a0e41252145e1ee57e876aa30.78.2.3.2.jpg?interpolation=lanczos-none&fit=around|320:320&crop=320:320;*,*",ツナ缶,https://recipe.rakuten.co.jp/recipe/1870002158/
エスニック冷やしカレーとろろうどん,"https://recipe.r10s.jp/recipe-space/d/strg/ctrl/3/5672d025e95b163bca9ae47e01d0e8bb0540d80c.94.2.3.2.jpg?interpolation=lanczos-none&fit=around|320:320&crop=320:320;*,*",ツナ缶,https://recipe.rakuten.co.jp/recipe/1110011584/
ミシュランシェフから教わった、簡単激うまパスタ,"https://recipe.r10s.jp/recipe-space/d/strg/ctrl/3/cde563387cd5a7f1699fb29ce0ee1fac28ea3eb4.95.9.3.3.jpg?interpolation=lanczos-none&fit=around|320:320&crop=320:320;*,*",ツナ缶,https://recipe.rakuten.co.jp/recipe/1970019548/
大根と人参とツナの粒マスタードサラダ,"https://recipe.r10s.jp/recipe-space/d/strg/ctrl/3/ee54dab7648822df3192a4ae6bdd3a84f7d41b40.11.9.3.3.jpg?interpolation=lanczos-none&fit=around|320:320&crop=320:320;*,*",ツナ缶,https://recipe.rakuten.co.jp/recipe/1300028894/
絶品！ズッキーニのツナマヨチーズ焼き,"https://recipe.r10s.jp/recipe-space/d/strg/ctrl/3/f325de5575825f521d40299050ddc9bbff70d568.46.2.3.2.jpg?interpolation=lanczos-none&fit=around|320:320&crop=320:320;*,*",ツナ缶,https://recipe.rakuten.co.jp/recipe/1050013231/
【豆腐で具だくさん♪】オクラの冷汁風そうめん,"https://recipe.r10s.jp/recipe-space/d/strg/ctrl/3/ce4c094d7124c03e0aaf0222433e6306237c9d33.77.2.3.2.jpg?interpolation=lanczos-none&fit=around|320:320&crop=320:320;*,*",ツナ缶,https://recipe.rakuten.co.jp/recipe/1990037481/
時短で5分♪弁当おかず☆ツナのカレーポテサラ,"https://recipe.r10s.jp/recipe-space/d/strg/ctrl/3/a4c9f7ea59489a4b9b984b5bc8274441eb14a0d8.91.2.3.2.jpg?interpolation=lanczos-none&fit=around|320:320&crop=320:320;*,*",ツナ缶,https://recipe.rakuten.co.jp/recipe/1390023655/
炊飯器に入れるだけ！簡単トマトリゾット風,"https://recipe.r10s.jp/recipe-space/d/strg/ctrl/3/e2b65944fd0c6aeb6c08a1d84569cf23bfd2a56f.21.9.3.3.jpg?interpolation=lanczos-none&fit=around|320:320&crop=320:320;*,*",ツナ缶,https://recipe.rakuten.co.jp/recipe/1190023000/
春味♪葉たまねぎとツナのおかかポン酢サラダ,"https://recipe.r10s.jp/recipe-space/d/strg/ctrl/3/9e9c398b2e1f86560bedc44a9a5d325eacb43d74.29.2.3.2.jpg?interpolation=lanczos-none&fit=around|320:320&crop=320:320;*,*",ツナ缶,https://recipe.rakuten.co.jp/recipe/1270004999/
簡単！あさりとツナの豆乳クラムチャウダー,"https://recipe.r10s.jp/recipe-space/d/strg/ctrl/3/7c0ea344b2ea6239c5cec274a261deccce6b8502.23.2.3.2.jpg?interpolation=lanczos-none&fit=around|320:320&crop=320:320;*,*",ツナ缶,https://recipe.rakuten.co.jp/recipe/1100013919/
無駄なく作る　ツナコールスロー,"https://recipe.r10s.jp/recipe-space/d/strg/ctrl/3/2b2790f234c18b679b8091581a243788cbfc9326.04.2.3.2.jpg?interpolation=lanczos-none&fit=around|320:320&crop=320:320;*,*",ツナ缶,https://recipe.rakuten.co.jp/recipe/1440003487/
フライパンで♪餃子の皮で夏野菜のひとくちピザ,"https://recipe.r10s.jp/recipe-space/d/strg/ctrl/3/3363b2de4fe8153d91840dcf48dcae18899cf0f7.64.2.3.2.jpg?interpolation=lanczos-none&fit=around|320:320&crop=320:320;*,*",ツナ缶,https://recipe.rakuten.co.jp/recipe/1970010823/
長芋サラダ,"https://recipe.r10s.jp/recipe-space/d/strg/ctrl/3/89c126bdb891c81e7f2c1e5a43367228bfb2cdd2.88.2.3.2.jpg?interpolation=lanczos-none&fit=around|320:320&crop=320:320;*,*",ツナ缶,https://recipe.rakuten.co.jp/recipe/1510009829/
激ウマ☆ピーマンとツナの和え物,"https://recipe.r10s.jp/recipe-space/d/strg/ctrl/3/741fee8474ded8762d69aa5e8b9abdd45e5b239a.36.2.3.2.jpg?interpolation=lanczos-none&fit=around|320:320&crop=320:320;*,*",ツナ缶,https://recipe.rakuten.co.jp/recipe/1840016260/
冷凍うどんで♪ツナきゅうたれの冷やしつけうどん✿,"https://recipe.r10s.jp/recipe-space/d/strg/ctrl/3/b851853334c66d92ecd8d95fdcc71795a26b410b.49.2.3.2.jpg?interpolation=lanczos-none&fit=around|320:320&crop=320:320;*,*",ツナ缶,https://recipe.rakuten.co.jp/recipe/1760021756/
茹でて和えるだけ♪トマトとツナの冷製パスタ,"https://recipe.r10s.jp/recipe-space/d/strg/ctrl/3/6dfee77d03fd7fd4c60b4e1bb61d9cf9bedb9acc.30.9.3.3.jpg?interpolation=lanczos-none&fit=around|320:320&crop=320:320;*,*",ツナ缶,https://recipe.rakuten.co.jp/recipe/1200010878/
夏‼️ズッキーニ・トマトのイタリアン〜そうめん♪,"https://recipe.r10s.jp/recipe-space/d/strg/ctrl/3/28f2ddf979e55c1a1daea43ef8e8792a9ac5e4c2.86.2.3.2.jpg?interpolation=lanczos-none&fit=around|320:320&crop=320:320;*,*",ツナ缶,https://recipe.rakuten.co.jp/recipe/1210007186/
簡単あっさり和えるだけ！水ナスたっぷり冷製パスタ,"https://recipe.r10s.jp/recipe-space/d/strg/ctrl/3/5b9bf185803e0485b110ded628751570019b2f45.23.2.3.2.jpg?interpolation=lanczos-none&fit=around|320:320&crop=320:320;*,*",ツナ缶,https://recipe.rakuten.co.jp/recipe/1920015992/
牛乳で作る！ほうれん草とツナのクリームパスタ,"https://recipe.r10s.jp/recipe-space/d/strg/ctrl/3/53414873a26292435af4c0f0e8776ea6cacbcb22.82.2.3.2.jpg?interpolation=lanczos-none&fit=around|320:320&crop=320:320;*,*",ツナ缶,https://recipe.rakuten.co.jp/recipe/1790006679/
和風ツナパスタ,"https://recipe.r10s.jp/recipe-space/d/strg/ctrl/3/064ccb4c803ee13268d76080ddabaa8ba9fdbaa7.47.2.3.2.jpg?interpolation=lanczos-none&fit=around|320:320&crop=320:320;*,*",ツナ缶,https://recipe.rakuten.co.jp/recipe/1780004473/
おにぎらず☆酢めし＆ツナマヨ,"https://recipe.r10s.jp/recipe-space/d/strg/ctrl/3/189439ed0617bbcb08905002d14285b85fa5d622.73.2.3.2.jpg?interpolation=lanczos-none&fit=around|320:320&crop=320:320;*,*",ツナ缶,https://recipe.rakuten.co.jp/recipe/1360009307/
ピザ風焼き椎茸,"https://recipe.r10s.jp/recipe-space/d/strg/ctrl/3/74c08061ef2b70dedec2eb29e3afe192831173fe.94.2.3.2.jpg?interpolation=lanczos-none&fit=around|320:320&crop=320:320;*,*",ツナ缶,https://recipe.rakuten.co.jp/recipe/1110010737/
ツナマヨとゆで卵のおつまみ餃子★トースターで簡単,"https://recipe.r10s.jp/recipe-space/d/strg/ctrl/3/353e38e48ceb00619a0686497bcaf3311154878d.41.2.3.2.jpg?interpolation=lanczos-none&fit=around|320:320&crop=320:320;*,*",ツナ缶,https://recipe.rakuten.co.jp/recipe/1800009196/
ツナのレモンクリームパスタ,"https://recipe.r10s.jp/recipe-space/d/strg/ctrl/3/3f442e3beabc30f9169bc6f17f71acdbe0a39b78.77.2.3.2.jpg?interpolation=lanczos-none&fit=around|320:320&crop=320:320;*,*",ツナ缶,https://recipe.rakuten.co.jp/recipe/1460026434/
ブロッコリーとツナのワンポットパスタ,"https://recipe.r10s.jp/recipe-space/d/strg/ctrl/3/d8e2af4efff19f66b7802cd52bb39492b8e15720.77.2.3.2.jpg?interpolation=lanczos-none&fit=around|320:320&crop=320:320;*,*",ツナ缶,https://recipe.rakuten.co.jp/recipe/1990036265/
フライパンで簡単春キャベツと具沢山の米粉ケークサレ,"https://recipe.r10s.jp/recipe-space/d/strg/ctrl/3/888f4fff7ebb3458844d910570cd6f44d36e487e.18.9.3.3.jpg?interpolation=lanczos-none&fit=around|320:320&crop=320:320;*,*",ツナ缶,https://recipe.rakuten.co.jp/recipe/1490017407/
＊ツナと大葉のトマトそうめん＊,"https://recipe.r10s.jp/recipe-space/d/strg/ctrl/3/d647d492891210ec5103cec40ce1779816031d5a.70.2.3.2.jpg?interpolation=lanczos-none&fit=around|320:320&crop=320:320;*,*",ツナ缶,https://recipe.rakuten.co.jp/recipe/1990033419/
かぶのツナ炒め,"https://recipe.r10s.jp/recipe-space/d/strg/ctrl/3/3ba88305bc7b1771e7e1d87e204f86433eba55e3.07.2.3.2.jpg?interpolation=lanczos-none&fit=around|320:320&crop=320:320;*,*",ツナ缶,https://recipe.rakuten.co.jp/recipe/1370008350/
簡単美味♡クリームスープパスタ,"https://recipe.r10s.jp/recipe-space/d/strg/ctrl/3/db5af4efb09a590656677dc29d8cfe907dd590b5.12.2.3.2.jpg?interpolation=lanczos-none&fit=around|320:320&crop=320:320;*,*",パスタ,https://recipe.rakuten.co.jp/recipe/1510019293/
鶏もも肉の至高のパスタ☆簡単美味しい☆,"https://recipe.r10s.jp/recipe-space/d/strg/ctrl/3/7f9db50042d453495f9b06515cb30c28b4540f7e.05.2.3.2.jpg?interpolation=lanczos-none&fit=around|320:320&crop=320:320;*,*",パスタ,https://recipe.rakuten.co.jp/recipe/1920002010/
トマトとツナの冷製パスタ,"https://recipe.r10s.jp/recipe-space/d/strg/ctrl/3/49596a06c7c4dec30f4eda322c4f503d325ab4f3.50.2.3.2.jpg?interpolation=lanczos-none&fit=around|320:320&crop=320:320;*,*",パスタ,https://recipe.rakuten.co.jp/recipe/1200002310/
サバ缶で和風パスタ。材料3つで時短！意外でハマる♪,"https://recipe.r10s.jp/recipe-space/d/strg/ctrl/3/353f6e7695e54cbcb99084a26404378327e9f9cc.67.2.3.2.jpg?interpolation=lanczos-none&fit=around|320:320&crop=320:320;*,*",パスタ,https://recipe.rakuten.co.jp/recipe/1970015208/
簡単！美味しい！！明太子パスタ(^^),"https://recipe.r10s.jp/recipe-space/d/strg/ctrl/3/135a8fcc98b47944db903d63584cc67b766688c8.23.2.3.2.jpg?interpolation=lanczos-none&fit=around|320:320&crop=320:320;*,*",パスタ,https://recipe.rakuten.co.jp/recipe/1010008836/
きのことベーコンの和風スープパスタ,"https://recipe.r10s.jp/recipe-space/d/strg/ctrl/3/e01509ab95c1aaf7886efbd9d5afdbe2ace354f1.84.9.3.3.jpg?interpolation=lanczos-none&fit=around|320:320&crop=320:320;*,*",パスタ,https://recipe.rakuten.co.jp/recipe/1050021808/
レンジde簡単ホワイトソース☆鮭のクリームパスタ,"https://recipe.r10s.jp/recipe-space/d/strg/ctrl/3/acfb938e7a9cf05f19bfa71bb9f4221c05f08ffd.82.2.3.2.jpg?interpolation=lanczos-none&fit=around|320:320&crop=320:320;*,*",パスタ,https://recipe.rakuten.co.jp/recipe/1910001198/
昔ながらのスパゲッティ★これぞ王道ナポリタン,"https://recipe.r10s.jp/recipe-space/d/strg/ctrl/3/8ffd97462eddab44ffc0ae50def31162296e1d28.77.2.3.2.jpg?interpolation=lanczos-none&fit=around|320:320&crop=320:320;*,*",パスタ,https://recipe.rakuten.co.jp/recipe/1720006898/
白だしで簡単！☆明太子としめじの和風パスタ☆,"https://recipe.r10s.jp/recipe-space/d/strg/ctrl/3/407c79abe6e6771cb64a5b20aa8559e115afde42.32.2.3.2.jpg?interpolation=lanczos-none&fit=around|320:320&crop=320:320;*,*",パスタ,https://recipe.rakuten.co.jp/recipe/1490004628/
おうちで本格イカのトマトクリームパスタ,"https://recipe.r10s.jp/recipe-space/d/strg/ctrl/3/0a852ee6fea13d643c28a7c6ccad5e38ed61c34f.67.2.3.2.jpg?interpolation=lanczos-none&fit=around|320:320&crop=320:320;*,*",パスタ,https://recipe.rakuten.co.jp/recipe/1630003671/
お店の味★ミートソーススパゲッティー★,"https://recipe.r10s.jp/recipe-space/d/strg/ctrl/3/30e5f3ff4c5b09761f277a1511b6bed03b7bf1c9.30.2.3.2.jpg?interpolation=lanczos-none&fit=around|320:320&crop=320:320;*,*",パスタ,https://recipe.rakuten.co.jp/recipe/1730003330/
ナスの和風簡単パスタ♪バター醤油が旨！♪,"https://recipe.r10s.jp/recipe-space/d/strg/ctrl/3/dca8c58423944e33ba01ec58196966ec18c10bba.05.2.3.2.jpg?interpolation=lanczos-none&fit=around|320:320&crop=320:320;*,*",パスタ,https://recipe.rakuten.co.jp/recipe/1920002126/
アボカドdeグリーンクリームパスタ,"https://recipe.r10s.jp/recipe-space/d/strg/ctrl/3/3e562e501ea3908905c4568ff400028d1953518d.53.2.3.2.jpg?interpolation=lanczos-none&fit=around|320:320&crop=320:320;*,*",パスタ,https://recipe.rakuten.co.jp/recipe/1400001611/
和風しらすパスタ,"https://recipe.r10s.jp/recipe-space/d/strg/ctrl/3/2b9588fa2f68eb96f9c00db39fb5590ad2dd2b36.98.2.3.2.jpg?interpolation=lanczos-none&fit=around|320:320&crop=320:320;*,*",パスタ,https://recipe.rakuten.co.jp/recipe/1020010118/
牛乳で作る！ほうれん草とツナのクリームパスタ,"https://recipe.r10s.jp/recipe-space/d/strg/ctrl/3/53414873a26292435af4c0f0e8776ea6cacbcb22.82.2.3.2.jpg?interpolation=lanczos-none&fit=around|320:320&crop=320:320;*,*",パスタ,https://recipe.rakuten.co.jp/recipe/1790006679/
桃とミントの冷製パスタ,"https://recipe.r10s.jp/recipe-space/d/strg/ctrl/3/4643631789a81953536daebc5e099f88be10505d.20.2.3.2.jpg?interpolation=lanczos-none&fit=around|320:320&crop=320:320;*,*",パスタ,https://recipe.rakuten.co.jp/recipe/1570011595/
絶品！海苔と柚子胡椒のクリームパスタ　プロが作る,"https://recipe.r10s.jp/recipe-space/d/strg/ctrl/3/9e8ae849bce295766ac9e79641acb1e9d5c9a7b8.68.9.3.3.jpg?interpolation=lanczos-none&fit=around|320:320&crop=320:320;*,*",パスタ,https://recipe.rakuten.co.jp/recipe/1720062803/
和風ツナパスタ,"https://recipe.r10s.jp/recipe-space/d/strg/ctrl/3/064ccb4c803ee13268d76080ddabaa8ba9fdbaa7.47.2.3.2.jpg?interpolation=lanczos-none&fit=around|320:320&crop=320:320;*,*",パスタ,https://recipe.rakuten.co.jp/recipe/1780004473/
とうもろこし丸ごと！濃厚クリームパスタ,"https://recipe.r10s.jp/recipe-space/d/strg/ctrl/3/2e5c2392c49746e1093c077503352fad199cea13.55.2.3.2.jpg?interpolation=lanczos-none&fit=around|320:320&crop=320:320;*,*",パスタ,https://recipe.rakuten.co.jp/recipe/1430009178/
簡単あっさり和えるだけ！水ナスたっぷり冷製パスタ,"https://recipe.r10s.jp/recipe-space/d/strg/ctrl/3/5b9bf185803e0485b110ded628751570019b2f45.23.2.3.2.jpg?interpolation=lanczos-none&fit=around|320:320&crop=320:320;*,*",パスタ,https://recipe.rakuten.co.jp/recipe/1920015992/
簡単☆キノコとツナとチーズのクリームパスタ,"https://recipe.r10s.jp/recipe-space/d/strg/ctrl/3/4ba7385ae22c7c306c68426d057c6cab28be80de.40.2.3.2.jpg?interpolation=lanczos-none&fit=around|320:320&crop=320:320;*,*",パスタ,https://recipe.rakuten.co.jp/recipe/1070031287/
絶対にうまい！ペペロンチーノ,"https://recipe.r10s.jp/recipe-space/d/strg/ctrl/3/864ede9682985fd0daf14525c9b9af45f182df92.46.2.3.2.jpg?interpolation=lanczos-none&fit=around|320:320&crop=320:320;*,*",パスタ,https://recipe.rakuten.co.jp/recipe/1050009078/
絶対美味☆ナポリタン,"https://recipe.r10s.jp/recipe-space/d/strg/ctrl/3/441b5ee19fe12d6f846c2958ea0651ba78182ef0.24.2.3.2.jpg?interpolation=lanczos-none&fit=around|320:320&crop=320:320;*,*",パスタ,https://recipe.rakuten.co.jp/recipe/1410008002/
ツナとズッキーニのトマトソースパスタ,"https://recipe.r10s.jp/recipe-space/d/strg/ctrl/3/b1dd997b184786c8a209ea8b7007642e1a12ce58.12.2.3.2.jpg?interpolation=lanczos-none&fit=around|320:320&crop=320:320;*,*",パスタ,https://recipe.rakuten.co.jp/recipe/1200005787/
ダマにならない！全卵・牛乳のカルボナーラ,"https://recipe.r10s.jp/recipe-space/d/strg/ctrl/3/9e00046a880b3ffd5ccfc348c3fc23e613dfdcf6.34.2.3.2.jpg?interpolation=lanczos-none&fit=around|320:320&crop=320:320;*,*",パスタ,https://recipe.rakuten.co.jp/recipe/1890008045/
豚ひき肉と玉ねぎだけで簡単ボロネーゼ,"https://recipe.r10s.jp/recipe-space/d/strg/ctrl/3/9b66ccf667ed8e0eae2dd6b20deed3ec50c8fbb5.54.2.3.2.jpg?interpolation=lanczos-none&fit=around|320:320&crop=320:320;*,*",パスタ,https://recipe.rakuten.co.jp/recipe/1340012013/
磯香る♪”生海苔としらすのペペロンチーノ”,"https://recipe.r10s.jp/recipe-space/d/strg/ctrl/3/831472b2fe17c5eabff6d9a73c9d7c63d9684100.20.2.3.2.jpg?interpolation=lanczos-none&fit=around|320:320&crop=320:320;*,*",パスタ,https://recipe.rakuten.co.jp/recipe/1570001348/
プロ直伝！喫茶店風ナポリタン,"https://recipe.r10s.jp/recipe-space/d/strg/ctrl/3/2d2032a613fdaf733bb2fe248ce5426272d8efab.46.2.3.2.jpg?interpolation=lanczos-none&fit=around|320:320&crop=320:320;*,*",パスタ,https://recipe.rakuten.co.jp/recipe/1050000402/
具だくさんのバター醤油パスタ,"https://recipe.r10s.jp/recipe-space/d/strg/ctrl/3/e1e6b73fc18a5ad1072e11ec4787cd9108968cc3.08.2.3.2.jpg?interpolation=lanczos-none&fit=around|320:320&crop=320:320;*,*",パスタ,https://recipe.rakuten.co.jp/recipe/1040005126/
牛乳で簡単♪明太子クリームパスタ,"https://recipe.r10s.jp/recipe-space/d/strg/ctrl/3/496442093958c55c86f5acfdd62f208ff06464f0.76.2.3.2.jpg?interpolation=lanczos-none&fit=around|320:320&crop=320:320;*,*",パスタ,https://recipe.rakuten.co.jp/recipe/1770001825/
簡単！失敗なし！ランチにワンパン★ペペロンチーノ,"https://recipe.r10s.jp/recipe-space/d/strg/ctrl/3/7c3fab42f839f080f2a713caa4ab94334629e804.48.2.3.2.jpg?interpolation=lanczos-none&fit=around|320:320&crop=320:320;*,*",パスタ,https://recipe.rakuten.co.jp/recipe/1460030990/
たらこクリームスープパスタ,"https://recipe.r10s.jp/recipe-space/d/strg/ctrl/3/cb45a0e46ba3b5da965a1d2e9f4fee060d77437a.09.2.3.2.jpg?interpolation=lanczos-none&fit=around|320:320&crop=320:320;*,*",パスタ,https://recipe.rakuten.co.jp/recipe/1210001823/
アボカドの冷製パスタ☆,"https://recipe.r10s.jp/recipe-space/d/strg/ctrl/3/45663cb1b38d03346616ff5418c0c6e16517e7ef.49.2.3.2.jpg?interpolation=lanczos-none&fit=around|320:320&crop=320:320;*,*",パスタ,https://recipe.rakuten.co.jp/recipe/1660004255/
混ぜるだけ！3分で出来る納豆パスタ,"https://recipe.r10s.jp/recipe-space/d/strg/ctrl/3/e6de27a4315c20132b3a234c232e0a6bf23b5693.72.2.3.2.jpg?interpolation=lanczos-none&fit=around|320:320&crop=320:320;*,*",パスタ,https://recipe.rakuten.co.jp/recipe/1530014813/
簡単！美味しい！明太子の冷製パスタ♪,"https://recipe.r10s.jp/recipe-space/d/strg/ctrl/3/5a40de24c534360d40b2cec41ccf54285f469f96.22.2.3.2.jpg?interpolation=lanczos-none&fit=around|320:320&crop=320:320;*,*",パスタ,https://recipe.rakuten.co.jp/recipe/1350001714/
手軽におしゃれ☆サーモンとアボカドの冷製パスタ,"https://recipe.r10s.jp/recipe-space/d/strg/ctrl/3/4e5693f507047010ece638b6825d3a3f23635cd3.24.2.3.2.jpg?interpolation=lanczos-none&fit=around|320:320&crop=320:320;*,*",パスタ,https://recipe.rakuten.co.jp/recipe/1410008004/
簡単♪納豆パスタ★バター醤油味,"https://recipe.r10s.jp/recipe-space/d/strg/ctrl/3/9bbea5db2caee6f0b94211a0d20cb3348408a967.07.2.3.2.jpg?interpolation=lanczos-none&fit=around|320:320&crop=320:320;*,*",パスタ,https://recipe.rakuten.co.jp/recipe/1370003029/
海老とマッシュルームのあっさりパスタ,"https://recipe.r10s.jp/recipe-space/d/strg/ctrl/3/7e3394efaddd2968bde4c17a7bce738f7ec671da.28.1.3.2.jpg?interpolation=lanczos-none&fit=around|320:320&crop=320:320;*,*",パスタ,https://recipe.rakuten.co.jp/recipe/1500000049/
激ウマ！！しらすの和風パスタ,"https://recipe.r10s.jp/recipe-space/d/strg/ctrl/3/93e11a0f4a062e1097443928e2ffcc088b256fae.94.2.3.2.jpg?interpolation=lanczos-none&fit=around|320:320&crop=320:320;*,*",パスタ,https://recipe.rakuten.co.jp/recipe/1880006980/
さば缶のトマトパスタです☆食べたい時にサッ！とね♪,"https://recipe.r10s.jp/recipe-space/d/strg/ctrl/3/7be683b869032cd6cc31b52bf49974771cb8b341.98.2.3.2.jpg?interpolation=lanczos-none&fit=around|320:320&crop=320:320;*,*",パスタ,https://recipe.rakuten.co.jp/recipe/1570013851/
★お弁当★ミートソースパスタ,"https://recipe.r10s.jp/recipe-space/d/strg/ctrl/3/439e8abef7a5336d838658298e4bc42e69592be2.05.9.3.3.jpg?interpolation=lanczos-none&fit=around|320:320&crop=320:320;*,*",パスタ,https://recipe.rakuten.co.jp/recipe/1170021414/
美味しすぎる牡蠣パスタ★,"https://recipe.r10s.jp/recipe-space/d/strg/ctrl/3/0735fac75b619b6f630a133ac80e81c68eddfeb0.73.1.3.2.jpg?interpolation=lanczos-none&fit=around|320:320&crop=320:320;*,*",パスタ,https://recipe.rakuten.co.jp/recipe/1510000249/
生クリーム消費に★きのことベーコンのクリームパスタ,"https://recipe.r10s.jp/recipe-space/d/strg/ctrl/3/af47668829c32b911ba95e89a89a856e7297933e.91.2.3.2.jpg?interpolation=lanczos-none&fit=around|320:320&crop=320:320;*,*",パスタ,https://recipe.rakuten.co.jp/recipe/1490002713/
プチプチがたまらない! 数の子のスパゲティ,"https://recipe.r10s.jp/recipe-space/d/strg/ctrl/3/07f757ed941f100e70b10fda8f34bd38c84cab95.75.2.3.2.jpg?interpolation=lanczos-none&fit=around|320:320&crop=320:320;*,*",パスタ,https://recipe.rakuten.co.jp/recipe/1350003374/
いちじくと生ハムのパスタ,"https://recipe.r10s.jp/recipe-space/d/strg/ctrl/3/017e46860851bbcbbe200760e9f462eca3a181d0.50.9.3.3.jpg?interpolation=lanczos-none&fit=around|320:320&crop=320:320;*,*",パスタ,https://recipe.rakuten.co.jp/recipe/1100028675/
トマトとフレッシュミントの冷製パスタ,"https://recipe.r10s.jp/recipe-space/d/strg/ctrl/3/5aab98b98cb189287384e59c167a5a496113ad13.61.2.3.2.jpg?interpolation=lanczos-none&fit=around|320:320&crop=320:320;*,*",パスタ,https://recipe.rakuten.co.jp/recipe/1530003121/
パスタ屋さんのボンゴレ（あさりのパスタ）,"https://recipe.r10s.jp/recipe-space/d/strg/ctrl/3/bfd9ee033490cb84ccf744062f35ba4a8e5fbab7.74.1.3.2.jpg?interpolation=lanczos-none&fit=around|320:320&crop=320:320;*,*",パスタ,https://recipe.rakuten.co.jp/recipe/1570000251/
イタリアンのシェフ直伝！でも簡単！！カルボナーラ,"https://recipe.r10s.jp/recipe-space/d/strg/ctrl/3/79f97e787f24a14b2e3fe0aa3a279c1d04719c14.92.2.3.2.jpg?interpolation=lanczos-none&fit=around|320:320&crop=320:320;*,*",パスタ,https://recipe.rakuten.co.jp/recipe/1870002200/
柔らか豚しゃぶのさっぱり冷製パスタ,"https://recipe.r10s.jp/recipe-space/d/strg/ctrl/3/c2ddb5d5f619ac626350838a375d68a7b3ac91be.20.2.3.2.jpg?interpolation=lanczos-none&fit=around|320:320&crop=320:320;*,*",パスタ,https://recipe.rakuten.co.jp/recipe/1050003105/
パスタソース不要！にんにくとマッシュルームのパスタ,"https://recipe.r10s.jp/recipe-space/d/strg/ctrl/3/e39e2ea3aa647fd5bcd37f9e70923d86a67d56d4.44.2.3.2.jpg?interpolation=lanczos-none&fit=around|320:320&crop=320:320;*,*",パスタ,https://recipe.rakuten.co.jp/recipe/1570007437/
カンタン華やかオードブル♪,"https://recipe.r10s.jp/recipe-space/d/strg/ctrl/3/643de92258ff5ef0812adb48709527471b53a309.45.2.3.2.jpg?interpolation=lanczos-none&fit=around|320:320&crop=320:320;*,*",クラッカー,https://recipe.rakuten.co.jp/recipe/1300002404/
マンゴーのマーブルレアチーズケーキ,//jp.rakuten-static.com/recipe/d-pc/common/img_playing.png,クラッカー,https://recipe.rakuten.co.jp/recipe/1530014990/
しっとり滑らか♡南瓜のチーズケーキ,"https://recipe.r10s.jp/recipe-space/d/strg/ctrl/3/8d2743a606c329271bf08dc4fcaceddbd184a1fa.12.2.3.2.jpg?interpolation=lanczos-none&fit=around|320:320&crop=320:320;*,*",クラッカー,https://recipe.rakuten.co.jp/recipe/1510016868/
さくさく食感☆プレーンクラッカー,"https://recipe.r10s.jp/recipe-space/d/strg/ctrl/3/fd6e99b6f19b8ce795394505ea841719329d9a60.37.2.3.2.jpg?interpolation=lanczos-none&fit=around|320:320&crop=320:320;*,*",クラッカー,https://recipe.rakuten.co.jp/recipe/1790010691/
【材料３つ】で作るかぼちゃクリームのモンブラン,"https://recipe.r10s.jp/recipe-space/d/strg/ctrl/3/f04f08983d452475eacae01202b090069877f362.22.9.3.3.jpg?interpolation=lanczos-none&fit=around|320:320&crop=320:320;*,*",クラッカー,https://recipe.rakuten.co.jp/recipe/1420022290/
冷やして作る♡かぼちゃの豆乳チーズスティック♪,"https://recipe.r10s.jp/recipe-space/d/strg/ctrl/3/72ba29a47167cf31268e3f8bf6b734f2d2e65bc1.30.2.3.2.jpg?interpolation=lanczos-none&fit=around|320:320&crop=320:320;*,*",クラッカー,https://recipe.rakuten.co.jp/recipe/1740003263/
サックサク♡リッツ風プレーンクラッカー,"https://recipe.r10s.jp/recipe-space/d/strg/ctrl/3/cc55fbd8b2a28c66ebfcf207a32278109ce1cb95.12.2.3.2.jpg?interpolation=lanczos-none&fit=around|320:320&crop=320:320;*,*",クラッカー,https://recipe.rakuten.co.jp/recipe/1510019152/
胡麻の手作りヘルシークラッカー,"https://recipe.r10s.jp/recipe-space/d/strg/ctrl/3/dc7b9964f81141e3a56e301d87fe4db1e0205880.76.2.3.2.jpg?interpolation=lanczos-none&fit=around|320:320&crop=320:320;*,*",クラッカー,https://recipe.rakuten.co.jp/recipe/1720018363/
ツナと玉ねぎのリエット♪大麦クラッカー添え,"https://recipe.r10s.jp/recipe-space/d/strg/ctrl/3/2e98e6b567813b386a876fd15616938f3156d6ce.05.2.3.2.jpg?interpolation=lanczos-none&fit=around|320:320&crop=320:320;*,*",クラッカー,https://recipe.rakuten.co.jp/recipe/1580036004/
クラッカーでベーコン＆ほうれん草のキッシュ,"https://recipe.r10s.jp/recipe-space/d/strg/ctrl/3/a94f1c8a8b00618c86ac83498dfadd6bb9acb199.14.2.3.2.jpg?interpolation=lanczos-none&fit=around|320:320&crop=320:320;*,*",クラッカー,https://recipe.rakuten.co.jp/recipe/1980032808/
甘みと酸味が絶妙！クリームチーズハニークラッカー,"https://recipe.r10s.jp/recipe-space/d/strg/ctrl/3/fdc1bc14a1bfaf48bc5c99d1c3c4189dcdedfe26.10.2.3.2.jpg?interpolation=lanczos-none&fit=around|320:320&crop=320:320;*,*",クラッカー,https://recipe.rakuten.co.jp/recipe/1570011796/
本格簡単！発酵プレーンクラッカー☆,"https://recipe.r10s.jp/recipe-space/d/strg/ctrl/3/0f54c850f011dd7d194e61d3b500578588f7401e.37.2.3.2.jpg?interpolation=lanczos-none&fit=around|320:320&crop=320:320;*,*",クラッカー,https://recipe.rakuten.co.jp/recipe/1790011035/
食欲そそる♪朝の彩り大麦クラッカー☆.。.:*・,"https://recipe.r10s.jp/recipe-space/d/strg/ctrl/3/4ee2396ae70b12c4137883ba2a823927fb88edc4.26.2.3.2.jpg?interpolation=lanczos-none&fit=around|320:320&crop=320:320;*,*",クラッカー,https://recipe.rakuten.co.jp/recipe/1780013506/
キーライムパイ風豆腐のレアチーズ,"https://recipe.r10s.jp/recipe-space/d/strg/ctrl/3/621fae7b61ee2e44551864b2fbd8e0ed908a2d10.75.2.3.2.jpg?interpolation=lanczos-none&fit=around|320:320&crop=320:320;*,*",クラッカー,https://recipe.rakuten.co.jp/recipe/1160031796/
モロヘイヤとモッツァレラチーズと鱈子のクラッカー,"https://recipe.r10s.jp/recipe-space/d/strg/ctrl/3/3de761b364f17cec4ab37c854ef7a6365a35acaf.34.2.3.2.jpg?interpolation=lanczos-none&fit=around|320:320&crop=320:320;*,*",クラッカー,https://recipe.rakuten.co.jp/recipe/1150015101/
スキレットとクラッカーで　お手軽キッシュ,"https://recipe.r10s.jp/recipe-space/d/strg/ctrl/3/8756c7da4621b0b2756e51e3311ae086cb3430a9.61.2.3.2.jpg?interpolation=lanczos-none&fit=around|320:320&crop=320:320;*,*",クラッカー,https://recipe.rakuten.co.jp/recipe/1530005562/
水玉フルーツ レアチーズケーキ,"https://recipe.r10s.jp/recipe-space/d/strg/ctrl/3/4a13f92bb81cbd37b4a80d30754a805e1556951f.48.9.3.3.jpg?interpolation=lanczos-none&fit=around|320:320&crop=320:320;*,*",クラッカー,https://recipe.rakuten.co.jp/recipe/1530021767/
クラッカークリームチーズアンチョビ,"https://recipe.r10s.jp/recipe-space/d/strg/ctrl/3/c8ac6f527bf5183605fd2712ab046d4bbebb37c4.10.2.3.2.jpg?interpolation=lanczos-none&fit=around|320:320&crop=320:320;*,*",クラッカー,https://recipe.rakuten.co.jp/recipe/1570011815/
おつまみにも☆タルタル卵クラッカー,"https://recipe.r10s.jp/recipe-space/d/strg/ctrl/3/fe46d5f5850eb28c425f6709f14ba3dd5acf078e.24.2.3.2.jpg?interpolation=lanczos-none&fit=around|320:320&crop=320:320;*,*",クラッカー,https://recipe.rakuten.co.jp/recipe/1770025604/
おもてなしにも☆モッツァレラとトマトのクラッカー,"https://recipe.r10s.jp/recipe-space/d/strg/ctrl/3/831124a9c4d9f403d82ba376629ca23d000bfbed.24.2.3.2.jpg?interpolation=lanczos-none&fit=around|320:320&crop=320:320;*,*",クラッカー,https://recipe.rakuten.co.jp/recipe/1770025836/
そば粉で簡単ヘルシークラッカー（グルテンフリー）,"https://recipe.r10s.jp/recipe-space/d/strg/ctrl/3/3d6f9ae63be8f5adbf02324ce30822b6bbf54ecb.50.2.3.2.jpg?interpolation=lanczos-none&fit=around|320:320&crop=320:320;*,*",クラッカー,https://recipe.rakuten.co.jp/recipe/1000016065/
カニカマとチーズのおつまみクラッカー,"https://recipe.r10s.jp/recipe-space/d/strg/ctrl/3/101595576c6b81144c48ad31496c40bbcee035f1.36.9.3.3.jpg?interpolation=lanczos-none&fit=around|320:320&crop=320:320;*,*",クラッカー,https://recipe.rakuten.co.jp/recipe/1900021808/
大麦生活で、大麦クラッカーのチョココーヒーサンド,"https://recipe.r10s.jp/recipe-space/d/strg/ctrl/3/b90707c4b0cf086330d74e36101fe713cf15fd97.50.2.3.2.jpg?interpolation=lanczos-none&fit=around|320:320&crop=320:320;*,*",クラッカー,https://recipe.rakuten.co.jp/recipe/1770017902/
潤う☆クラッカーinきなこココアコラーゲンみるく,"https://recipe.r10s.jp/recipe-space/d/strg/ctrl/3/022d7a166ab7e7e376275b458f47f07272c421b4.28.2.3.2.jpg?interpolation=lanczos-none&fit=around|320:320&crop=320:320;*,*",クラッカー,https://recipe.rakuten.co.jp/recipe/1110009393/
大麦生活で、大麦クラッカーの蜂蜜生姜添え,"https://recipe.r10s.jp/recipe-space/d/strg/ctrl/3/7347756a76ed817b37c603ba0070c0f102d10156.50.2.3.2.jpg?interpolation=lanczos-none&fit=around|320:320&crop=320:320;*,*",クラッカー,https://recipe.rakuten.co.jp/recipe/1770017903/
ほうれん草ゴマ和えの大麦クラッカー,"https://recipe.r10s.jp/recipe-space/d/strg/ctrl/3/d56ee032d431e918526ce325f10f9927293ea9e4.42.2.3.2.jpg?interpolation=lanczos-none&fit=around|320:320&crop=320:320;*,*",クラッカー,https://recipe.rakuten.co.jp/recipe/1420006673/
クラッカー消費に！ベジタブルキッシュ,"https://recipe.r10s.jp/recipe-space/d/strg/ctrl/3/e7d90bc44fbd137ed4e5b14d91569cbee7c92b6b.68.9.3.3.jpg?interpolation=lanczos-none&fit=around|320:320&crop=320:320;*,*",クラッカー,https://recipe.rakuten.co.jp/recipe/1690015271/
マスカルポーネのおつまみクラッカー,"https://recipe.r10s.jp/recipe-space/d/strg/ctrl/3/29d5d05f6ff87eda893d56eb25325327b66fa57d.00.2.3.2.jpg?interpolation=lanczos-none&fit=around|320:320&crop=320:320;*,*",クラッカー,https://recipe.rakuten.co.jp/recipe/1770017103/
✨クリスマス✨ アボカドとナッツのポテサラツリー,"https://recipe.r10s.jp/recipe-space/d/strg/ctrl/3/d12fb456a9aeb510a700af28918d935a49ccf9cb.48.9.3.3.jpg?interpolation=lanczos-none&fit=around|320:320&crop=320:320;*,*",クラッカー,https://recipe.rakuten.co.jp/recipe/1530022099/
簡単スモア　北米のキャンプファイヤーで人気デザート,"https://recipe.r10s.jp/recipe-space/d/strg/ctrl/3/2f36f095bad54500b43d0a86e213a11977dbc9d5.42.2.3.2.jpg?interpolation=lanczos-none&fit=around|320:320&crop=320:320;*,*",クラッカー,https://recipe.rakuten.co.jp/recipe/1710022240/
お花が咲いたよ♪桜のオードブル,"https://recipe.r10s.jp/recipe-space/d/strg/ctrl/3/a8dd97c087af8a6aceca4c3bfd742db19456ad89.08.2.3.2.jpg?interpolation=lanczos-none&fit=around|320:320&crop=320:320;*,*",クラッカー,https://recipe.rakuten.co.jp/recipe/1070029150/
簡単おつまみ♪焼きカマンベールチーズクラッカー,"https://recipe.r10s.jp/recipe-space/d/strg/ctrl/3/31926a21a14987a0306340f90230a28e01a9f147.32.2.3.2.jpg?interpolation=lanczos-none&fit=around|320:320&crop=320:320;*,*",クラッカー,https://recipe.rakuten.co.jp/recipe/1890004985/
クラッカーにクリームチーズ蜂蜜＆粒胡椒,"https://recipe.r10s.jp/recipe-space/d/strg/ctrl/3/cb2c55edf1e6c4721218e985aed4cf637b147ae4.14.2.3.2.jpg?interpolation=lanczos-none&fit=around|320:320&crop=320:320;*,*",クラッカー,https://recipe.rakuten.co.jp/recipe/1980032469/
クラッカーのオードブル,"https://recipe.r10s.jp/recipe-space/d/strg/ctrl/3/0412c9b513c410b7c773184279177397c2b12877.45.2.3.2.jpg?interpolation=lanczos-none&fit=around|320:320&crop=320:320;*,*",クラッカー,https://recipe.rakuten.co.jp/recipe/1100005738/
豆乳チーズ＆柿ジャムのクラッカー♪,"https://recipe.r10s.jp/recipe-space/d/strg/ctrl/3/ca2e5fe058e0ee902ebfe5b1445a011e1d6d41fa.30.2.3.2.jpg?interpolation=lanczos-none&fit=around|320:320&crop=320:320;*,*",クラッカー,https://recipe.rakuten.co.jp/recipe/1740003641/
甘くない♪シンプルグラノーラ,"https://recipe.r10s.jp/recipe-space/d/strg/ctrl/3/5d856641b2abf59dcc891c2fa77187fff23d169a.11.2.3.2.jpg?interpolation=lanczos-none&fit=around|320:320&crop=320:320;*,*",クラッカー,https://recipe.rakuten.co.jp/recipe/1160008075/
野菜クラッカー,"https://recipe.r10s.jp/recipe-space/d/strg/ctrl/3/366d803ebc52ffc8b8a08e2229f2e36e4a7fbdd5.57.2.3.2.jpg?interpolation=lanczos-none&fit=around|320:320&crop=320:320;*,*",クラッカー,https://recipe.rakuten.co.jp/recipe/1360007958/
酒粕とおからで♪バジルが香るジェノバ風クラッカー,"https://recipe.r10s.jp/recipe-space/d/strg/ctrl/3/5aa30fba5bfc74d4e58a535bc9df1913dd9f965a.37.2.3.2.jpg?interpolation=lanczos-none&fit=around|320:320&crop=320:320;*,*",クラッカー,https://recipe.rakuten.co.jp/recipe/1790009697/
すぐ出来る！クラッカーサーモンチーズ,"https://recipe.r10s.jp/recipe-space/d/strg/ctrl/3/e021b975aa8c48c37ee997c6f320ade9fd855a46.10.2.3.2.jpg?interpolation=lanczos-none&fit=around|320:320&crop=320:320;*,*",クラッカー,https://recipe.rakuten.co.jp/recipe/1570011793/
クラッカーヨーグルト～私の食べ方(^.^),"https://recipe.r10s.jp/recipe-space/d/strg/ctrl/3/f7db7bdcddefea38ff831c7a4eef77dc47906ce0.49.2.3.2.jpg?interpolation=lanczos-none&fit=around|320:320&crop=320:320;*,*",クラッカー,https://recipe.rakuten.co.jp/recipe/1010007272/
クラッカーハニークリームチーズのせ,"https://recipe.r10s.jp/recipe-space/d/strg/ctrl/3/64a3053ad988f7a20393cb2133ee8c9184d36461.24.2.3.2.jpg?interpolation=lanczos-none&fit=around|320:320&crop=320:320;*,*",クラッカー,https://recipe.rakuten.co.jp/recipe/1790003644/
ＨＭとホエーで♪濃厚おつまみチーズクラッカー,"https://recipe.r10s.jp/recipe-space/d/strg/ctrl/3/0bedbbfa6f9c3fc5b83e04c874b8a6c8b6a7be1c.37.2.3.2.jpg?interpolation=lanczos-none&fit=around|320:320&crop=320:320;*,*",クラッカー,https://recipe.rakuten.co.jp/recipe/1790010331/
ローストオニオンの堅焼きクラッカー(クッキー？),"https://recipe.r10s.jp/recipe-space/d/strg/ctrl/3/55181e216ebe7a3899b4bcaf4f6ade276a4021b1.45.2.3.2.jpg?interpolation=lanczos-none&fit=around|320:320&crop=320:320;*,*",クラッカー,https://recipe.rakuten.co.jp/recipe/1770015311/
アボカドディップ・クラッカー,"https://recipe.r10s.jp/recipe-space/d/strg/ctrl/3/1da1f4afd379fbfb60c8b3212156a0ab6867bc5e.32.2.3.2.jpg?interpolation=lanczos-none&fit=around|320:320&crop=320:320;*,*",クラッカー,https://recipe.rakuten.co.jp/recipe/1380009447/
簡単レシピ　チーズとナッツのオリーブオイル漬け,"https://recipe.r10s.jp/recipe-space/d/strg/ctrl/3/cff3ec40ef61677be0d9e8bf77cdae31561948fd.59.9.3.3.jpg?interpolation=lanczos-none&fit=around|320:320&crop=320:320;*,*",クラッカー,https://recipe.rakuten.co.jp/recipe/1950026267/
コンデンスクリームとナッツクラッカー,"https://recipe.r10s.jp/recipe-space/d/strg/ctrl/3/7af76607a67b717f281170b4368ae16248f4dc45.34.2.3.2.jpg?interpolation=lanczos-none&fit=around|320:320&crop=320:320;*,*",クラッカー,https://recipe.rakuten.co.jp/recipe/1150015125/
ブルーベリー＆ヨーグルトクリームの大麦クラッカー,"https://recipe.r10s.jp/recipe-space/d/strg/ctrl/3/961511e311860bb814e3474ea6280131af8fd46f.42.2.3.2.jpg?interpolation=lanczos-none&fit=around|320:320&crop=320:320;*,*",クラッカー,https://recipe.rakuten.co.jp/recipe/1420006675/
大豆粉クラッカー、カレーマヨチキンのせ,"https://recipe.r10s.jp/recipe-space/d/strg/ctrl/3/2a108a310f161473cfe37c32697c7a0eb6e3aa0c.13.2.3.2.jpg?interpolation=lanczos-none&fit=around|320:320&crop=320:320;*,*",クラッカー,https://recipe.rakuten.co.jp/recipe/1160019074/
豚しゃぶの大麦クラッカー,"https://recipe.r10s.jp/recipe-space/d/strg/ctrl/3/708375aeb6269cda23c69ad481cf26459e17c27c.42.2.3.2.jpg?interpolation=lanczos-none&fit=around|320:320&crop=320:320;*,*",クラッカー,https://recipe.rakuten.co.jp/recipe/1420006758/
大麦生活で、大麦クラッカーのコンソメチップス,"https://recipe.r10s.jp/recipe-space/d/strg/ctrl/3/3d57de05df37f6adae327768577a230c156b5254.50.2.3.2.jpg?interpolation=lanczos-none&fit=around|320:320&crop=320:320;*,*",クラッカー,https://recipe.rakuten.co.jp/recipe/1770017899/
ホワイトチョコとマシュマロのクランチ✲,"https://recipe.r10s.jp/recipe-space/d/strg/ctrl/3/002cfa051c1778625761faf3b0894e93a1d4a67f.34.2.3.2.jpg?interpolation=lanczos-none&fit=around|320:320&crop=320:320;*,*",グラノーラ,https://recipe.rakuten.co.jp/recipe/1080010545/
パフェ風かき氷,"https://recipe.r10s.jp/recipe-space/d/strg/ctrl/3/ab73090b645b21f041135bb75ba5aaf7c4e6c541.26.2.3.2.jpg?interpolation=lanczos-none&fit=around|320:320&crop=320:320;*,*",グラノーラ,https://recipe.rakuten.co.jp/recipe/1580036786/
砂糖不使用！バナナシェイク,"https://recipe.r10s.jp/recipe-space/d/strg/ctrl/3/c707213f865be4e66726392cd2d046617cc7bbf9.28.2.3.2.jpg?interpolation=lanczos-none&fit=around|320:320&crop=320:320;*,*",グラノーラ,https://recipe.rakuten.co.jp/recipe/1840022959/
子供だけで作れる♪3種類のバレンタインチョコレート,"https://recipe.r10s.jp/recipe-space/d/strg/ctrl/3/da3c05bd7aed4b57724f84b9e4792d0df2112071.86.2.3.2.jpg?interpolation=lanczos-none&fit=around|320:320&crop=320:320;*,*",グラノーラ,https://recipe.rakuten.co.jp/recipe/1210008876/
カリカリ♪グラノーラ ココナッツクッキー,"https://recipe.r10s.jp/recipe-space/d/strg/ctrl/3/42d106a343d244d99a9511cd3a32fd6437be814b.33.2.3.2.jpg?interpolation=lanczos-none&fit=around|320:320&crop=320:320;*,*",グラノーラ,https://recipe.rakuten.co.jp/recipe/1910006934/
グラノーラりんごブルーベリーのメイプルヨーグルト,"https://recipe.r10s.jp/recipe-space/d/strg/ctrl/3/bc941cc776dc88d7605ccdb630348c370d3957df.11.9.3.3.jpg?interpolation=lanczos-none&fit=around|320:320&crop=320:320;*,*",グラノーラ,https://recipe.rakuten.co.jp/recipe/1300039287/
ハロウィン♪ざくざくコロッケタワー,"https://recipe.r10s.jp/recipe-space/d/strg/ctrl/3/597d444e964065ed4767b0773221452bc448f90c.74.2.3.2.jpg?interpolation=lanczos-none&fit=around|320:320&crop=320:320;*,*",グラノーラ,https://recipe.rakuten.co.jp/recipe/1790013550/
チェリーヨーグルトⅢ,"https://recipe.r10s.jp/recipe-space/d/strg/ctrl/3/6f83ba8dd03b02d04900e6bbf90bd6d4e710b594.50.9.3.3.jpg?interpolation=lanczos-none&fit=around|320:320&crop=320:320;*,*",グラノーラ,https://recipe.rakuten.co.jp/recipe/1980043007/
土台はグラノーラ！美味しいベイクドチーズケーキ！,"https://recipe.r10s.jp/recipe-space/d/strg/ctrl/3/947bcfeb0c0352501ad3f4986dce10239c29564b.50.2.3.2.jpg?interpolation=lanczos-none&fit=around|320:320&crop=320:320;*,*",グラノーラ,https://recipe.rakuten.co.jp/recipe/1020013825/
マシュマロ＆フルグラで簡単バレンタイン♡,"https://recipe.r10s.jp/recipe-space/d/strg/ctrl/3/a261265cb60c315f585fd1d5c61bf32042bd5d1e.55.2.3.2.jpg?interpolation=lanczos-none&fit=around|320:320&crop=320:320;*,*",グラノーラ,https://recipe.rakuten.co.jp/recipe/1430008811/
メープル香る♪ナチュラルグラノーラ,"https://recipe.r10s.jp/recipe-space/d/strg/ctrl/3/660c9976fc2b019ea4b1a3298812638957b4148c.32.2.3.2.jpg?interpolation=lanczos-none&fit=around|320:320&crop=320:320;*,*",グラノーラ,https://recipe.rakuten.co.jp/recipe/1380010769/
かぼちゃのスコップモンブラン,"https://recipe.r10s.jp/recipe-space/d/strg/ctrl/3/9fe16cfc435656ae823a9a9303c1044b8bd244c0.48.9.3.3.jpg?interpolation=lanczos-none&fit=around|320:320&crop=320:320;*,*",グラノーラ,https://recipe.rakuten.co.jp/recipe/1530020005/
グラノーラとバナナのヨーグルトアート♪,"https://recipe.r10s.jp/recipe-space/d/strg/ctrl/3/c34942ef7353ce1d7a31ee194c2a297c8b3190b8.86.2.3.2.jpg?interpolation=lanczos-none&fit=around|320:320&crop=320:320;*,*",グラノーラ,https://recipe.rakuten.co.jp/recipe/1210008497/
アップルシナモングラノーラ,"https://recipe.r10s.jp/recipe-space/d/strg/ctrl/3/6afb7742f9d2a542dd9f3c807966b1261e02e079.42.2.3.2.jpg?interpolation=lanczos-none&fit=around|320:320&crop=320:320;*,*",グラノーラ,https://recipe.rakuten.co.jp/recipe/1120005126/
家族が気に入った♪粉寒天で作るレアチーズケーキ,"https://recipe.r10s.jp/recipe-space/d/strg/ctrl/3/225ee2571b65f5ce2dd992f925bee28a385d873b.80.9.3.3.jpg?interpolation=lanczos-none&fit=around|320:320&crop=320:320;*,*",グラノーラ,https://recipe.rakuten.co.jp/recipe/1870016759/
☆オーブンでつくる自家製グラノーラ,"https://recipe.r10s.jp/recipe-space/d/strg/ctrl/3/5cc3a529efddc1dce75c7c35b6ca76fe52f4ab51.28.2.3.2.jpg?interpolation=lanczos-none&fit=around|320:320&crop=320:320;*,*",グラノーラ,https://recipe.rakuten.co.jp/recipe/1660009940/
チョコとグラノーラと黒すりごまのヨーグルト,"https://recipe.r10s.jp/recipe-space/d/strg/ctrl/3/b248e2808072379e6785664fcc2884564e375a3a.11.9.3.3.jpg?interpolation=lanczos-none&fit=around|320:320&crop=320:320;*,*",グラノーラ,https://recipe.rakuten.co.jp/recipe/1300039184/
新玉ねぎと牛肉ハンバーグ✧˖°,"https://recipe.r10s.jp/recipe-space/d/strg/ctrl/3/0cb3e06a37ea3c58e9f8f9d53cafff5c9afd1e9f.71.9.3.3.jpg?interpolation=lanczos-none&fit=around|320:320&crop=320:320;*,*",グラノーラ,https://recipe.rakuten.co.jp/recipe/1590033167/
甘くない♪シンプルグラノーラ,"https://recipe.r10s.jp/recipe-space/d/strg/ctrl/3/5d856641b2abf59dcc891c2fa77187fff23d169a.11.2.3.2.jpg?interpolation=lanczos-none&fit=around|320:320&crop=320:320;*,*",グラノーラ,https://recipe.rakuten.co.jp/recipe/1160008075/
食物繊維たっぶり♪はったい粉グラノーラ,"https://recipe.r10s.jp/recipe-space/d/strg/ctrl/3/53fe96abb574c64f14aae48b75b632c4a41940f1.11.2.3.2.jpg?interpolation=lanczos-none&fit=around|320:320&crop=320:320;*,*",グラノーラ,https://recipe.rakuten.co.jp/recipe/1160008479/
バナナ・クッキー・グラノーラ♪ヨーグルト✧˖°,"https://recipe.r10s.jp/recipe-space/d/strg/ctrl/3/9fb61d5741578a468996b9987dd4c127acb92c1e.71.9.3.3.jpg?interpolation=lanczos-none&fit=around|320:320&crop=320:320;*,*",グラノーラ,https://recipe.rakuten.co.jp/recipe/1590036775/
炊飯器で時間短縮ギャバ増量！玄米黒糖グラノーラ,"https://recipe.r10s.jp/recipe-space/d/strg/ctrl/3/f140839d116771f2158a6b34bcf83836842f5b0b.57.2.3.2.jpg?interpolation=lanczos-none&fit=around|320:320&crop=320:320;*,*",グラノーラ,https://recipe.rakuten.co.jp/recipe/1280009519/
●割れたウエハースリメイク♪ティラミスグラノーラ●,"https://recipe.r10s.jp/recipe-space/d/strg/ctrl/3/538cef0f629b3a8e3cfedfad9227b771bc966156.26.9.3.3.jpg?interpolation=lanczos-none&fit=around|320:320&crop=320:320;*,*",グラノーラ,https://recipe.rakuten.co.jp/recipe/1470026780/
ミックスベリースムージーonグラノーラ　5min,"https://recipe.r10s.jp/recipe-space/d/strg/ctrl/3/bbcbac732b4d7df0dc926a162b58bda22bacdfb8.88.2.3.2.jpg?interpolation=lanczos-none&fit=around|320:320&crop=320:320;*,*",グラノーラ,https://recipe.rakuten.co.jp/recipe/1070042502/
ごろっとグラノーラでヘルシーサラダ,"https://recipe.r10s.jp/recipe-space/d/strg/ctrl/3/0c1eb228a58a25aad717efe2c71451b9e3262f83.17.2.3.2.jpg?interpolation=lanczos-none&fit=around|320:320&crop=320:320;*,*",グラノーラ,https://recipe.rakuten.co.jp/recipe/1830006647/
新たまねぎの甘みたっぷり〜チーズ味グラノーラのせ♪,"https://recipe.r10s.jp/recipe-space/d/strg/ctrl/3/108e79b69b8936310cf79ad86ebd71d1b5d668d9.11.2.3.2.jpg?interpolation=lanczos-none&fit=around|320:320&crop=320:320;*,*",グラノーラ,https://recipe.rakuten.co.jp/recipe/1160008699/
甘くないグラノーラ(^^)withカフェモカ甘酒♪,"https://recipe.r10s.jp/recipe-space/d/strg/ctrl/3/4a5e6f7f00a43e95c31b083cdab91b354d014a6c.16.2.3.2.jpg?interpolation=lanczos-none&fit=around|320:320&crop=320:320;*,*",グラノーラ,https://recipe.rakuten.co.jp/recipe/1100023958/
緑茶ヨーグルト風味☆グラノーラのサンドイッチ,"https://recipe.r10s.jp/recipe-space/d/strg/ctrl/3/e654017518dd62e5d08d5088ef1f7a4f96e04262.07.2.3.2.jpg?interpolation=lanczos-none&fit=around|320:320&crop=320:320;*,*",グラノーラ,https://recipe.rakuten.co.jp/recipe/1660007322/
❤バナナ＊グラノーラ＊ボーロのWベリーヨーグルト❤,"https://recipe.r10s.jp/recipe-space/d/strg/ctrl/3/998c47dbc3c60dc00b425ce843a0e5c47bf2b53d.47.2.3.2.jpg?interpolation=lanczos-none&fit=around|320:320&crop=320:320;*,*",グラノーラ,https://recipe.rakuten.co.jp/recipe/1750008719/
❤蜂蜜グラノーラとウエハースのヨーグルト❤,"https://recipe.r10s.jp/recipe-space/d/strg/ctrl/3/82878687eda42f089f97aba3faef1385c9391789.47.2.3.2.jpg?interpolation=lanczos-none&fit=around|320:320&crop=320:320;*,*",グラノーラ,https://recipe.rakuten.co.jp/recipe/1750008570/
❤カッテージ＆グラノーラ＆コーヒーゼリーデザート❤,"https://recipe.r10s.jp/recipe-space/d/strg/ctrl/3/257e245773f2bf1ba107dffcc3b197d24d7d855e.47.2.3.2.jpg?interpolation=lanczos-none&fit=around|320:320&crop=320:320;*,*",グラノーラ,https://recipe.rakuten.co.jp/recipe/1750008405/
❤和風グラノーラのせ　ゆでたまサラダ❤,"https://recipe.r10s.jp/recipe-space/d/strg/ctrl/3/5ac3457b26cf780338b022e93076da3bf4ac6430.47.2.3.2.jpg?interpolation=lanczos-none&fit=around|320:320&crop=320:320;*,*",グラノーラ,https://recipe.rakuten.co.jp/recipe/1750007962/
甘くないグラノーラ♪ほんのり〜チーズ味,"https://recipe.r10s.jp/recipe-space/d/strg/ctrl/3/e685609903be14a8a5a362985f0bf663f0ae658b.11.2.3.2.jpg?interpolation=lanczos-none&fit=around|320:320&crop=320:320;*,*",グラノーラ,https://recipe.rakuten.co.jp/recipe/1160008664/
メロンとグラノーラのシナモンヨーグルト,"https://recipe.r10s.jp/recipe-space/d/strg/ctrl/3/0996406f9354fc2075ce4ac07a2512e719a28797.11.9.3.3.jpg?interpolation=lanczos-none&fit=around|320:320&crop=320:320;*,*",グラノーラ,https://recipe.rakuten.co.jp/recipe/1300039265/
クッキーとヨーグルト,"https://recipe.r10s.jp/recipe-space/d/strg/ctrl/3/fa0231c03550320e82cc118031e027eda026d964.50.9.3.3.jpg?interpolation=lanczos-none&fit=around|320:320&crop=320:320;*,*",グラノーラ,https://recipe.rakuten.co.jp/recipe/1980041892/
干し柿＋バナナ＋グラノーラ入りヨーグルト,"https://recipe.r10s.jp/recipe-space/d/strg/ctrl/3/4270e9cdd02c5b6f2f081e64f080d177dec69432.86.2.3.2.jpg?interpolation=lanczos-none&fit=around|320:320&crop=320:320;*,*",グラノーラ,https://recipe.rakuten.co.jp/recipe/1040007460/
朝のごちそう♪バナナ入り豆乳グラノーラ！,"https://recipe.r10s.jp/recipe-space/d/strg/ctrl/3/084d3d1131ece92d17f5a7f00873624881ce698b.98.2.3.2.jpg?interpolation=lanczos-none&fit=around|320:320&crop=320:320;*,*",グラノーラ,https://recipe.rakuten.co.jp/recipe/1060004829/
バナナ入りグラノーラ,"https://recipe.r10s.jp/recipe-space/d/strg/ctrl/3/e67cfdb5aa9bd0934909c27067d10e3a022f0152.01.2.3.2.jpg?interpolation=lanczos-none&fit=around|320:320&crop=320:320;*,*",グラノーラ,https://recipe.rakuten.co.jp/recipe/1950001406/
キウイとグラノーラのヨーグルト,"https://recipe.r10s.jp/recipe-space/d/strg/ctrl/3/d536106a510f899f08d27068ec3061b968e726de.39.9.3.3.jpg?interpolation=lanczos-none&fit=around|320:320&crop=320:320;*,*",グラノーラ,https://recipe.rakuten.co.jp/recipe/1810037906/
まるでクッキー♪菜種油のざくざくグラノーラ！,"https://recipe.r10s.jp/recipe-space/d/strg/ctrl/3/b096e83bd149ca69b66a721b0df8749aef22cb61.29.2.3.2.jpg?interpolation=lanczos-none&fit=around|320:320&crop=320:320;*,*",グラノーラ,https://recipe.rakuten.co.jp/recipe/1690009851/
ザクザク！ココアクッキー,"https://recipe.r10s.jp/recipe-space/d/strg/ctrl/3/c533cebb52c68731157b8470cd76ce7b719752f5.06.9.3.3.jpg?interpolation=lanczos-none&fit=around|320:320&crop=320:320;*,*",グラノーラ,https://recipe.rakuten.co.jp/recipe/1060014526/
グラノーラとジャムのヨーグルト,"https://recipe.r10s.jp/recipe-space/d/strg/ctrl/3/8b9fe766dc9bef4b6a06f670e2032684226fc95a.79.9.3.3.jpg?interpolation=lanczos-none&fit=around|320:320&crop=320:320;*,*",グラノーラ,https://recipe.rakuten.co.jp/recipe/1660025240/
果物をとろう！簡単グラノーラ入りスムージー,"https://recipe.r10s.jp/recipe-space/d/strg/ctrl/3/7a1622af3d5d71941c301b9904dce58c33178939.12.9.3.3.jpg?interpolation=lanczos-none&fit=around|320:320&crop=320:320;*,*",グラノーラ,https://recipe.rakuten.co.jp/recipe/1840038509/
梅納豆グラノーラで朝食を,"https://recipe.r10s.jp/recipe-space/d/strg/ctrl/3/a313e694d7f3973dc01f6b461674c5eccb25b6f9.79.2.3.2.jpg?interpolation=lanczos-none&fit=around|320:320&crop=320:320;*,*",グラノーラ,https://recipe.rakuten.co.jp/recipe/1840006164/
サツマイモ入りグラノーラ,"https://recipe.r10s.jp/recipe-space/d/strg/ctrl/3/e20b6e71e93466928cbbd278627029f32f40b047.80.2.3.2.jpg?interpolation=lanczos-none&fit=around|320:320&crop=320:320;*,*",グラノーラ,https://recipe.rakuten.co.jp/recipe/1410004608/
バナナミルクがけグラノーラ☆朝食に,"https://recipe.r10s.jp/recipe-space/d/strg/ctrl/3/c5e3d099e956b4eee7c1b103b6deea6cb7cae7bf.40.2.3.2.jpg?interpolation=lanczos-none&fit=around|320:320&crop=320:320;*,*",グラノーラ,https://recipe.rakuten.co.jp/recipe/1470002348/
簡単めちゃ甘☆食品乾燥機で手作りフルーツグラノーラ,"https://recipe.r10s.jp/recipe-space/d/strg/ctrl/3/ce7c021dfa946bacd91c8d0c92d3ca18d47406ba.69.2.3.2.jpg?interpolation=lanczos-none&fit=around|320:320&crop=320:320;*,*",グラノーラ,https://recipe.rakuten.co.jp/recipe/1300017595/
HBで簡単☆サクサクグラノーラ入り食パン,"https://recipe.r10s.jp/recipe-space/d/strg/ctrl/3/b2f8c2e324a5a9eb3d1d66ef07142c6e7d026acd.72.2.3.2.jpg?interpolation=lanczos-none&fit=around|320:320&crop=320:320;*,*",グラノーラ,https://recipe.rakuten.co.jp/recipe/1050010566/
HMで(^^)ザクザク！リンゴのパウンドケーキ♪,"https://recipe.r10s.jp/recipe-space/d/strg/ctrl/3/c3c120facdd94924c397481a2503426b942a13dd.16.2.3.2.jpg?interpolation=lanczos-none&fit=around|320:320&crop=320:320;*,*",グラノーラ,https://recipe.rakuten.co.jp/recipe/1100018293/
美味シリアルクッキー　プレーン,"https://recipe.r10s.jp/recipe-space/d/strg/ctrl/3/607ed14d655a6df18f36825a2d814f40c81d79e4.92.2.3.2.jpg?interpolation=lanczos-none&fit=around|320:320&crop=320:320;*,*",グラノーラ,https://recipe.rakuten.co.jp/recipe/1490005985/
